evidence_status,amplitude_m,speed_m_s,regen_limit_w,spacing_m,offset_fraction,reference_battery_wh,coarse_battery_wh,signed_difference_wh,signed_difference_pct,grade_rmse_percentage_points,reference_peak_wheel_w,coarse_peak_wheel_w,reference_gravity_wh,coarse_gravity_wh,reference_recovered_wh,coarse_recovered_wh,reference_road_length_m,coarse_road_length_m,reference_duration_s,coarse_duration_s,reference_balance_residual_wh,coarse_balance_residual_wh
synthetic,0.000000000,8.000000000,0.000000000,5.000000000,0.000000000,103.659394582,103.659394582,-0.000000000,-0.000000000,0.000000000,1969.014935451,1969.014935451,24.516625000,24.516625000,0.000000000,0.000000000,1200.014999906,1200.014999906,150.001874988,150.001874988,-0.000000000,-0.000000000
synthetic,0.000000000,8.000000000,0.000000000,5.000000000,0.250000000,103.659394582,103.659394582,-0.000000000,-0.000000000,0.000000000,1969.014935451,1969.014935451,24.516625000,24.516625000,0.000000000,0.000000000,1200.014999906,1200.014999906,150.001874988,150.001874988,-0.000000000,-0.000000000
synthetic,0.000000000,8.000000000,0.000000000,5.000000000,0.500000000,103.659394582,103.659394582,-0.000000000,-0.000000000,0.000000000,1969.014935451,1969.014935451,24.516625000,24.516625000,0.000000000,0.000000000,1200.014999906,1200.014999906,150.001874988,150.001874988,-0.000000000,-0.000000000
synthetic,0.000000000,8.000000000,0.000000000,5.000000000,0.750000000,103.659394582,103.659394582,-0.000000000,-0.000000000,0.000000000,1969.014935451,1969.014935451,24.516625000,24.516625000,0.000000000,0.000000000,1200.014999906,1200.014999906,150.001874988,150.001874988,-0.000000000,-0.000000000
synthetic,0.000000000,8.000000000,0.000000000,10.000000000,0.000000000,103.659394582,103.659394582,-0.000000000,-0.000000000,0.000000000,1969.014935451,1969.014935451,24.516625000,24.516625000,0.000000000,0.000000000,1200.014999906,1200.014999906,150.001874988,150.001874988,-0.000000000,-0.000000000
synthetic,0.000000000,8.000000000,0.000000000,10.000000000,0.250000000,103.659394582,103.659394582,-0.000000000,-0.000000000,0.000000000,1969.014935451,1969.014935451,24.516625000,24.516625000,0.000000000,0.000000000,1200.014999906,1200.014999906,150.001874988,150.001874988,-0.000000000,-0.000000000
synthetic,0.000000000,8.000000000,0.000000000,10.000000000,0.500000000,103.659394582,103.659394582,-0.000000000,-0.000000000,0.000000000,1969.014935451,1969.014935451,24.516625000,24.516625000,0.000000000,0.000000000,1200.014999906,1200.014999906,150.001874988,150.001874988,-0.000000000,-0.000000000
synthetic,0.000000000,8.000000000,0.000000000,10.000000000,0.750000000,103.659394582,103.659394582,-0.000000000,-0.000000000,0.000000000,1969.014935451,1969.014935451,24.516625000,24.516625000,0.000000000,0.000000000,1200.014999906,1200.014999906,150.001874988,150.001874988,-0.000000000,-0.000000000
synthetic,0.000000000,8.000000000,0.000000000,30.000000000,0.000000000,103.659394582,103.659394582,-0.000000000,-0.000000000,0.000000000,1969.014935451,1969.014935451,24.516625000,24.516625000,0.000000000,0.000000000,1200.014999906,1200.014999906,150.001874988,150.001874988,-0.000000000,0.000000000
synthetic,0.000000000,8.000000000,0.000000000,30.000000000,0.250000000,103.659394582,103.659394582,-0.000000000,-0.000000000,0.000000000,1969.014935451,1969.014935451,24.516625000,24.516625000,0.000000000,0.000000000,1200.014999906,1200.014999906,150.001874988,150.001874988,-0.000000000,0.000000000
synthetic,0.000000000,8.000000000,0.000000000,30.000000000,0.500000000,103.659394582,103.659394582,-0.000000000,-0.000000000,0.000000000,1969.014935451,1969.014935451,24.516625000,24.516625000,0.000000000,0.000000000,1200.014999906,1200.014999906,150.001874988,150.001874988,-0.000000000,0.000000000
synthetic,0.000000000,8.000000000,0.000000000,30.000000000,0.750000000,103.659394582,103.659394582,-0.000000000,-0.000000000,0.000000000,1969.014935451,1969.014935451,24.516625000,24.516625000,0.000000000,0.000000000,1200.014999906,1200.014999906,150.001874988,150.001874988,-0.000000000,0.000000000
synthetic,0.000000000,8.000000000,5000.000000000,5.000000000,0.000000000,103.659394582,103.659394582,-0.000000000,-0.000000000,0.000000000,1969.014935451,1969.014935451,24.516625000,24.516625000,0.000000000,0.000000000,1200.014999906,1200.014999906,150.001874988,150.001874988,-0.000000000,-0.000000000
synthetic,0.000000000,8.000000000,5000.000000000,5.000000000,0.250000000,103.659394582,103.659394582,-0.000000000,-0.000000000,0.000000000,1969.014935451,1969.014935451,24.516625000,24.516625000,0.000000000,0.000000000,1200.014999906,1200.014999906,150.001874988,150.001874988,-0.000000000,-0.000000000
synthetic,0.000000000,8.000000000,5000.000000000,5.000000000,0.500000000,103.659394582,103.659394582,-0.000000000,-0.000000000,0.000000000,1969.014935451,1969.014935451,24.516625000,24.516625000,0.000000000,0.000000000,1200.014999906,1200.014999906,150.001874988,150.001874988,-0.000000000,-0.000000000
synthetic,0.000000000,8.000000000,5000.000000000,5.000000000,0.750000000,103.659394582,103.659394582,-0.000000000,-0.000000000,0.000000000,1969.014935451,1969.014935451,24.516625000,24.516625000,0.000000000,0.000000000,1200.014999906,1200.014999906,150.001874988,150.001874988,-0.000000000,-0.000000000
synthetic,0.000000000,8.000000000,5000.000000000,10.000000000,0.000000000,103.659394582,103.659394582,-0.000000000,-0.000000000,0.000000000,1969.014935451,1969.014935451,24.516625000,24.516625000,0.000000000,0.000000000,1200.014999906,1200.014999906,150.001874988,150.001874988,-0.000000000,-0.000000000
synthetic,0.000000000,8.000000000,5000.000000000,10.000000000,0.250000000,103.659394582,103.659394582,-0.000000000,-0.000000000,0.000000000,1969.014935451,1969.014935451,24.516625000,24.516625000,0.000000000,0.000000000,1200.014999906,1200.014999906,150.001874988,150.001874988,-0.000000000,-0.000000000
synthetic,0.000000000,8.000000000,5000.000000000,10.000000000,0.500000000,103.659394582,103.659394582,-0.000000000,-0.000000000,0.000000000,1969.014935451,1969.014935451,24.516625000,24.516625000,0.000000000,0.000000000,1200.014999906,1200.014999906,150.001874988,150.001874988,-0.000000000,-0.000000000
synthetic,0.000000000,8.000000000,5000.000000000,10.000000000,0.750000000,103.659394582,103.659394582,-0.000000000,-0.000000000,0.000000000,1969.014935451,1969.014935451,24.516625000,24.516625000,0.000000000,0.000000000,1200.014999906,1200.014999906,150.001874988,150.001874988,-0.000000000,-0.000000000
synthetic,0.000000000,8.000000000,5000.000000000,30.000000000,0.000000000,103.659394582,103.659394582,-0.000000000,-0.000000000,0.000000000,1969.014935451,1969.014935451,24.516625000,24.516625000,0.000000000,0.000000000,1200.014999906,1200.014999906,150.001874988,150.001874988,-0.000000000,0.000000000
synthetic,0.000000000,8.000000000,5000.000000000,30.000000000,0.250000000,103.659394582,103.659394582,-0.000000000,-0.000000000,0.000000000,1969.014935451,1969.014935451,24.516625000,24.516625000,0.000000000,0.000000000,1200.014999906,1200.014999906,150.001874988,150.001874988,-0.000000000,0.000000000
synthetic,0.000000000,8.000000000,5000.000000000,30.000000000,0.500000000,103.659394582,103.659394582,-0.000000000,-0.000000000,0.000000000,1969.014935451,1969.014935451,24.516625000,24.516625000,0.000000000,0.000000000,1200.014999906,1200.014999906,150.001874988,150.001874988,-0.000000000,0.000000000
synthetic,0.000000000,8.000000000,5000.000000000,30.000000000,0.750000000,103.659394582,103.659394582,-0.000000000,-0.000000000,0.000000000,1969.014935451,1969.014935451,24.516625000,24.516625000,0.000000000,0.000000000,1200.014999906,1200.014999906,150.001874988,150.001874988,-0.000000000,0.000000000
synthetic,0.000000000,8.000000000,20000.000000000,5.000000000,0.000000000,103.659394582,103.659394582,-0.000000000,-0.000000000,0.000000000,1969.014935451,1969.014935451,24.516625000,24.516625000,0.000000000,0.000000000,1200.014999906,1200.014999906,150.001874988,150.001874988,-0.000000000,-0.000000000
synthetic,0.000000000,8.000000000,20000.000000000,5.000000000,0.250000000,103.659394582,103.659394582,-0.000000000,-0.000000000,0.000000000,1969.014935451,1969.014935451,24.516625000,24.516625000,0.000000000,0.000000000,1200.014999906,1200.014999906,150.001874988,150.001874988,-0.000000000,-0.000000000
synthetic,0.000000000,8.000000000,20000.000000000,5.000000000,0.500000000,103.659394582,103.659394582,-0.000000000,-0.000000000,0.000000000,1969.014935451,1969.014935451,24.516625000,24.516625000,0.000000000,0.000000000,1200.014999906,1200.014999906,150.001874988,150.001874988,-0.000000000,-0.000000000
synthetic,0.000000000,8.000000000,20000.000000000,5.000000000,0.750000000,103.659394582,103.659394582,-0.000000000,-0.000000000,0.000000000,1969.014935451,1969.014935451,24.516625000,24.516625000,0.000000000,0.000000000,1200.014999906,1200.014999906,150.001874988,150.001874988,-0.000000000,-0.000000000
synthetic,0.000000000,8.000000000,20000.000000000,10.000000000,0.000000000,103.659394582,103.659394582,-0.000000000,-0.000000000,0.000000000,1969.014935451,1969.014935451,24.516625000,24.516625000,0.000000000,0.000000000,1200.014999906,1200.014999906,150.001874988,150.001874988,-0.000000000,-0.000000000
synthetic,0.000000000,8.000000000,20000.000000000,10.000000000,0.250000000,103.659394582,103.659394582,-0.000000000,-0.000000000,0.000000000,1969.014935451,1969.014935451,24.516625000,24.516625000,0.000000000,0.000000000,1200.014999906,1200.014999906,150.001874988,150.001874988,-0.000000000,-0.000000000
synthetic,0.000000000,8.000000000,20000.000000000,10.000000000,0.500000000,103.659394582,103.659394582,-0.000000000,-0.000000000,0.000000000,1969.014935451,1969.014935451,24.516625000,24.516625000,0.000000000,0.000000000,1200.014999906,1200.014999906,150.001874988,150.001874988,-0.000000000,-0.000000000
synthetic,0.000000000,8.000000000,20000.000000000,10.000000000,0.750000000,103.659394582,103.659394582,-0.000000000,-0.000000000,0.000000000,1969.014935451,1969.014935451,24.516625000,24.516625000,0.000000000,0.000000000,1200.014999906,1200.014999906,150.001874988,150.001874988,-0.000000000,-0.000000000
synthetic,0.000000000,8.000000000,20000.000000000,30.000000000,0.000000000,103.659394582,103.659394582,-0.000000000,-0.000000000,0.000000000,1969.014935451,1969.014935451,24.516625000,24.516625000,0.000000000,0.000000000,1200.014999906,1200.014999906,150.001874988,150.001874988,-0.000000000,0.000000000
synthetic,0.000000000,8.000000000,20000.000000000,30.000000000,0.250000000,103.659394582,103.659394582,-0.000000000,-0.000000000,0.000000000,1969.014935451,1969.014935451,24.516625000,24.516625000,0.000000000,0.000000000,1200.014999906,1200.014999906,150.001874988,150.001874988,-0.000000000,0.000000000
synthetic,0.000000000,8.000000000,20000.000000000,30.000000000,0.500000000,103.659394582,103.659394582,-0.000000000,-0.000000000,0.000000000,1969.014935451,1969.014935451,24.516625000,24.516625000,0.000000000,0.000000000,1200.014999906,1200.014999906,150.001874988,150.001874988,-0.000000000,0.000000000
synthetic,0.000000000,8.000000000,20000.000000000,30.000000000,0.750000000,103.659394582,103.659394582,-0.000000000,-0.000000000,0.000000000,1969.014935451,1969.014935451,24.516625000,24.516625000,0.000000000,0.000000000,1200.014999906,1200.014999906,150.001874988,150.001874988,-0.000000000,0.000000000
synthetic,0.000000000,15.000000000,0.000000000,5.000000000,0.000000000,121.566331377,121.566331377,0.000000000,0.000000000,0.000000000,4653.374878971,4653.374878971,24.516625000,24.516625000,0.000000000,0.000000000,1200.014999906,1200.014999906,80.000999994,80.000999994,-0.000000000,-0.000000000
synthetic,0.000000000,15.000000000,0.000000000,5.000000000,0.250000000,121.566331377,121.566331377,0.000000000,0.000000000,0.000000000,4653.374878971,4653.374878971,24.516625000,24.516625000,0.000000000,0.000000000,1200.014999906,1200.014999906,80.000999994,80.000999994,-0.000000000,-0.000000000
synthetic,0.000000000,15.000000000,0.000000000,5.000000000,0.500000000,121.566331377,121.566331377,0.000000000,0.000000000,0.000000000,4653.374878971,4653.374878971,24.516625000,24.516625000,0.000000000,0.000000000,1200.014999906,1200.014999906,80.000999994,80.000999994,-0.000000000,-0.000000000
synthetic,0.000000000,15.000000000,0.000000000,5.000000000,0.750000000,121.566331377,121.566331377,0.000000000,0.000000000,0.000000000,4653.374878971,4653.374878971,24.516625000,24.516625000,0.000000000,0.000000000,1200.014999906,1200.014999906,80.000999994,80.000999994,-0.000000000,-0.000000000
synthetic,0.000000000,15.000000000,0.000000000,10.000000000,0.000000000,121.566331377,121.566331377,0.000000000,0.000000000,0.000000000,4653.374878971,4653.374878971,24.516625000,24.516625000,0.000000000,0.000000000,1200.014999906,1200.014999906,80.000999994,80.000999994,-0.000000000,-0.000000000
synthetic,0.000000000,15.000000000,0.000000000,10.000000000,0.250000000,121.566331377,121.566331377,0.000000000,0.000000000,0.000000000,4653.374878971,4653.374878971,24.516625000,24.516625000,0.000000000,0.000000000,1200.014999906,1200.014999906,80.000999994,80.000999994,-0.000000000,-0.000000000
synthetic,0.000000000,15.000000000,0.000000000,10.000000000,0.500000000,121.566331377,121.566331377,0.000000000,0.000000000,0.000000000,4653.374878971,4653.374878971,24.516625000,24.516625000,0.000000000,0.000000000,1200.014999906,1200.014999906,80.000999994,80.000999994,-0.000000000,-0.000000000
synthetic,0.000000000,15.000000000,0.000000000,10.000000000,0.750000000,121.566331377,121.566331377,0.000000000,0.000000000,0.000000000,4653.374878971,4653.374878971,24.516625000,24.516625000,0.000000000,0.000000000,1200.014999906,1200.014999906,80.000999994,80.000999994,-0.000000000,-0.000000000
synthetic,0.000000000,15.000000000,0.000000000,30.000000000,0.000000000,121.566331377,121.566331377,0.000000000,0.000000000,0.000000000,4653.374878971,4653.374878971,24.516625000,24.516625000,0.000000000,0.000000000,1200.014999906,1200.014999906,80.000999994,80.000999994,-0.000000000,-0.000000000
synthetic,0.000000000,15.000000000,0.000000000,30.000000000,0.250000000,121.566331377,121.566331377,0.000000000,0.000000000,0.000000000,4653.374878971,4653.374878971,24.516625000,24.516625000,0.000000000,0.000000000,1200.014999906,1200.014999906,80.000999994,80.000999994,-0.000000000,-0.000000000
synthetic,0.000000000,15.000000000,0.000000000,30.000000000,0.500000000,121.566331377,121.566331377,0.000000000,0.000000000,0.000000000,4653.374878971,4653.374878971,24.516625000,24.516625000,0.000000000,0.000000000,1200.014999906,1200.014999906,80.000999994,80.000999994,-0.000000000,-0.000000000
synthetic,0.000000000,15.000000000,0.000000000,30.000000000,0.750000000,121.566331377,121.566331377,0.000000000,0.000000000,0.000000000,4653.374878971,4653.374878971,24.516625000,24.516625000,0.000000000,0.000000000,1200.014999906,1200.014999906,80.000999994,80.000999994,-0.000000000,-0.000000000
synthetic,0.000000000,15.000000000,5000.000000000,5.000000000,0.000000000,121.566331377,121.566331377,0.000000000,0.000000000,0.000000000,4653.374878971,4653.374878971,24.516625000,24.516625000,0.000000000,0.000000000,1200.014999906,1200.014999906,80.000999994,80.000999994,-0.000000000,-0.000000000
synthetic,0.000000000,15.000000000,5000.000000000,5.000000000,0.250000000,121.566331377,121.566331377,0.000000000,0.000000000,0.000000000,4653.374878971,4653.374878971,24.516625000,24.516625000,0.000000000,0.000000000,1200.014999906,1200.014999906,80.000999994,80.000999994,-0.000000000,-0.000000000
synthetic,0.000000000,15.000000000,5000.000000000,5.000000000,0.500000000,121.566331377,121.566331377,0.000000000,0.000000000,0.000000000,4653.374878971,4653.374878971,24.516625000,24.516625000,0.000000000,0.000000000,1200.014999906,1200.014999906,80.000999994,80.000999994,-0.000000000,-0.000000000
synthetic,0.000000000,15.000000000,5000.000000000,5.000000000,0.750000000,121.566331377,121.566331377,0.000000000,0.000000000,0.000000000,4653.374878971,4653.374878971,24.516625000,24.516625000,0.000000000,0.000000000,1200.014999906,1200.014999906,80.000999994,80.000999994,-0.000000000,-0.000000000
synthetic,0.000000000,15.000000000,5000.000000000,10.000000000,0.000000000,121.566331377,121.566331377,0.000000000,0.000000000,0.000000000,4653.374878971,4653.374878971,24.516625000,24.516625000,0.000000000,0.000000000,1200.014999906,1200.014999906,80.000999994,80.000999994,-0.000000000,-0.000000000
synthetic,0.000000000,15.000000000,5000.000000000,10.000000000,0.250000000,121.566331377,121.566331377,0.000000000,0.000000000,0.000000000,4653.374878971,4653.374878971,24.516625000,24.516625000,0.000000000,0.000000000,1200.014999906,1200.014999906,80.000999994,80.000999994,-0.000000000,-0.000000000
synthetic,0.000000000,15.000000000,5000.000000000,10.000000000,0.500000000,121.566331377,121.566331377,0.000000000,0.000000000,0.000000000,4653.374878971,4653.374878971,24.516625000,24.516625000,0.000000000,0.000000000,1200.014999906,1200.014999906,80.000999994,80.000999994,-0.000000000,-0.000000000
synthetic,0.000000000,15.000000000,5000.000000000,10.000000000,0.750000000,121.566331377,121.566331377,0.000000000,0.000000000,0.000000000,4653.374878971,4653.374878971,24.516625000,24.516625000,0.000000000,0.000000000,1200.014999906,1200.014999906,80.000999994,80.000999994,-0.000000000,-0.000000000
synthetic,0.000000000,15.000000000,5000.000000000,30.000000000,0.000000000,121.566331377,121.566331377,0.000000000,0.000000000,0.000000000,4653.374878971,4653.374878971,24.516625000,24.516625000,0.000000000,0.000000000,1200.014999906,1200.014999906,80.000999994,80.000999994,-0.000000000,-0.000000000
synthetic,0.000000000,15.000000000,5000.000000000,30.000000000,0.250000000,121.566331377,121.566331377,0.000000000,0.000000000,0.000000000,4653.374878971,4653.374878971,24.516625000,24.516625000,0.000000000,0.000000000,1200.014999906,1200.014999906,80.000999994,80.000999994,-0.000000000,-0.000000000
synthetic,0.000000000,15.000000000,5000.000000000,30.000000000,0.500000000,121.566331377,121.566331377,0.000000000,0.000000000,0.000000000,4653.374878971,4653.374878971,24.516625000,24.516625000,0.000000000,0.000000000,1200.014999906,1200.014999906,80.000999994,80.000999994,-0.000000000,-0.000000000
synthetic,0.000000000,15.000000000,5000.000000000,30.000000000,0.750000000,121.566331377,121.566331377,0.000000000,0.000000000,0.000000000,4653.374878971,4653.374878971,24.516625000,24.516625000,0.000000000,0.000000000,1200.014999906,1200.014999906,80.000999994,80.000999994,-0.000000000,-0.000000000
synthetic,0.000000000,15.000000000,20000.000000000,5.000000000,0.000000000,121.566331377,121.566331377,0.000000000,0.000000000,0.000000000,4653.374878971,4653.374878971,24.516625000,24.516625000,0.000000000,0.000000000,1200.014999906,1200.014999906,80.000999994,80.000999994,-0.000000000,-0.000000000
synthetic,0.000000000,15.000000000,20000.000000000,5.000000000,0.250000000,121.566331377,121.566331377,0.000000000,0.000000000,0.000000000,4653.374878971,4653.374878971,24.516625000,24.516625000,0.000000000,0.000000000,1200.014999906,1200.014999906,80.000999994,80.000999994,-0.000000000,-0.000000000
synthetic,0.000000000,15.000000000,20000.000000000,5.000000000,0.500000000,121.566331377,121.566331377,0.000000000,0.000000000,0.000000000,4653.374878971,4653.374878971,24.516625000,24.516625000,0.000000000,0.000000000,1200.014999906,1200.014999906,80.000999994,80.000999994,-0.000000000,-0.000000000
synthetic,0.000000000,15.000000000,20000.000000000,5.000000000,0.750000000,121.566331377,121.566331377,0.000000000,0.000000000,0.000000000,4653.374878971,4653.374878971,24.516625000,24.516625000,0.000000000,0.000000000,1200.014999906,1200.014999906,80.000999994,80.000999994,-0.000000000,-0.000000000
synthetic,0.000000000,15.000000000,20000.000000000,10.000000000,0.000000000,121.566331377,121.566331377,0.000000000,0.000000000,0.000000000,4653.374878971,4653.374878971,24.516625000,24.516625000,0.000000000,0.000000000,1200.014999906,1200.014999906,80.000999994,80.000999994,-0.000000000,-0.000000000
synthetic,0.000000000,15.000000000,20000.000000000,10.000000000,0.250000000,121.566331377,121.566331377,0.000000000,0.000000000,0.000000000,4653.374878971,4653.374878971,24.516625000,24.516625000,0.000000000,0.000000000,1200.014999906,1200.014999906,80.000999994,80.000999994,-0.000000000,-0.000000000
synthetic,0.000000000,15.000000000,20000.000000000,10.000000000,0.500000000,121.566331377,121.566331377,0.000000000,0.000000000,0.000000000,4653.374878971,4653.374878971,24.516625000,24.516625000,0.000000000,0.000000000,1200.014999906,1200.014999906,80.000999994,80.000999994,-0.000000000,-0.000000000
synthetic,0.000000000,15.000000000,20000.000000000,10.000000000,0.750000000,121.566331377,121.566331377,0.000000000,0.000000000,0.000000000,4653.374878971,4653.374878971,24.516625000,24.516625000,0.000000000,0.000000000,1200.014999906,1200.014999906,80.000999994,80.000999994,-0.000000000,-0.000000000
synthetic,0.000000000,15.000000000,20000.000000000,30.000000000,0.000000000,121.566331377,121.566331377,0.000000000,0.000000000,0.000000000,4653.374878971,4653.374878971,24.516625000,24.516625000,0.000000000,0.000000000,1200.014999906,1200.014999906,80.000999994,80.000999994,-0.000000000,-0.000000000
synthetic,0.000000000,15.000000000,20000.000000000,30.000000000,0.250000000,121.566331377,121.566331377,0.000000000,0.000000000,0.000000000,4653.374878971,4653.374878971,24.516625000,24.516625000,0.000000000,0.000000000,1200.014999906,1200.014999906,80.000999994,80.000999994,-0.000000000,-0.000000000
synthetic,0.000000000,15.000000000,20000.000000000,30.000000000,0.500000000,121.566331377,121.566331377,0.000000000,0.000000000,0.000000000,4653.374878971,4653.374878971,24.516625000,24.516625000,0.000000000,0.000000000,1200.014999906,1200.014999906,80.000999994,80.000999994,-0.000000000,-0.000000000
synthetic,0.000000000,15.000000000,20000.000000000,30.000000000,0.750000000,121.566331377,121.566331377,0.000000000,0.000000000,0.000000000,4653.374878971,4653.374878971,24.516625000,24.516625000,0.000000000,0.000000000,1200.014999906,1200.014999906,80.000999994,80.000999994,-0.000000000,-0.000000000
synthetic,0.000000000,25.000000000,0.000000000,5.000000000,0.000000000,177.881850123,177.881850123,-0.000000000,-0.000000000,0.000000000,11736.874798285,11736.874798285,24.516625000,24.516625000,0.000000000,0.000000000,1200.014999906,1200.014999906,48.000599996,48.000599996,-0.000000000,0.000000000
synthetic,0.000000000,25.000000000,0.000000000,5.000000000,0.250000000,177.881850123,177.881850123,-0.000000000,-0.000000000,0.000000000,11736.874798285,11736.874798285,24.516625000,24.516625000,0.000000000,0.000000000,1200.014999906,1200.014999906,48.000599996,48.000599996,-0.000000000,0.000000000
synthetic,0.000000000,25.000000000,0.000000000,5.000000000,0.500000000,177.881850123,177.881850123,-0.000000000,-0.000000000,0.000000000,11736.874798285,11736.874798285,24.516625000,24.516625000,0.000000000,0.000000000,1200.014999906,1200.014999906,48.000599996,48.000599996,-0.000000000,0.000000000
synthetic,0.000000000,25.000000000,0.000000000,5.000000000,0.750000000,177.881850123,177.881850123,-0.000000000,-0.000000000,0.000000000,11736.874798285,11736.874798285,24.516625000,24.516625000,0.000000000,0.000000000,1200.014999906,1200.014999906,48.000599996,48.000599996,-0.000000000,0.000000000
synthetic,0.000000000,25.000000000,0.000000000,10.000000000,0.000000000,177.881850123,177.881850123,-0.000000000,-0.000000000,0.000000000,11736.874798285,11736.874798285,24.516625000,24.516625000,0.000000000,0.000000000,1200.014999906,1200.014999906,48.000599996,48.000599996,-0.000000000,0.000000000
synthetic,0.000000000,25.000000000,0.000000000,10.000000000,0.250000000,177.881850123,177.881850123,-0.000000000,-0.000000000,0.000000000,11736.874798285,11736.874798285,24.516625000,24.516625000,0.000000000,0.000000000,1200.014999906,1200.014999906,48.000599996,48.000599996,-0.000000000,0.000000000
synthetic,0.000000000,25.000000000,0.000000000,10.000000000,0.500000000,177.881850123,177.881850123,-0.000000000,-0.000000000,0.000000000,11736.874798285,11736.874798285,24.516625000,24.516625000,0.000000000,0.000000000,1200.014999906,1200.014999906,48.000599996,48.000599996,-0.000000000,0.000000000
synthetic,0.000000000,25.000000000,0.000000000,10.000000000,0.750000000,177.881850123,177.881850123,-0.000000000,-0.000000000,0.000000000,11736.874798285,11736.874798285,24.516625000,24.516625000,0.000000000,0.000000000,1200.014999906,1200.014999906,48.000599996,48.000599996,-0.000000000,0.000000000
synthetic,0.000000000,25.000000000,0.000000000,30.000000000,0.000000000,177.881850123,177.881850123,-0.000000000,-0.000000000,0.000000000,11736.874798285,11736.874798285,24.516625000,24.516625000,0.000000000,0.000000000,1200.014999906,1200.014999906,48.000599996,48.000599996,-0.000000000,0.000000000
synthetic,0.000000000,25.000000000,0.000000000,30.000000000,0.250000000,177.881850123,177.881850123,-0.000000000,-0.000000000,0.000000000,11736.874798285,11736.874798285,24.516625000,24.516625000,0.000000000,0.000000000,1200.014999906,1200.014999906,48.000599996,48.000599996,-0.000000000,0.000000000
synthetic,0.000000000,25.000000000,0.000000000,30.000000000,0.500000000,177.881850123,177.881850123,-0.000000000,-0.000000000,0.000000000,11736.874798285,11736.874798285,24.516625000,24.516625000,0.000000000,0.000000000,1200.014999906,1200.014999906,48.000599996,48.000599996,-0.000000000,0.000000000
synthetic,0.000000000,25.000000000,0.000000000,30.000000000,0.750000000,177.881850123,177.881850123,-0.000000000,-0.000000000,0.000000000,11736.874798285,11736.874798285,24.516625000,24.516625000,0.000000000,0.000000000,1200.014999906,1200.014999906,48.000599996,48.000599996,-0.000000000,0.000000000
synthetic,0.000000000,25.000000000,5000.000000000,5.000000000,0.000000000,177.881850123,177.881850123,-0.000000000,-0.000000000,0.000000000,11736.874798285,11736.874798285,24.516625000,24.516625000,0.000000000,0.000000000,1200.014999906,1200.014999906,48.000599996,48.000599996,-0.000000000,0.000000000
synthetic,0.000000000,25.000000000,5000.000000000,5.000000000,0.250000000,177.881850123,177.881850123,-0.000000000,-0.000000000,0.000000000,11736.874798285,11736.874798285,24.516625000,24.516625000,0.000000000,0.000000000,1200.014999906,1200.014999906,48.000599996,48.000599996,-0.000000000,0.000000000
synthetic,0.000000000,25.000000000,5000.000000000,5.000000000,0.500000000,177.881850123,177.881850123,-0.000000000,-0.000000000,0.000000000,11736.874798285,11736.874798285,24.516625000,24.516625000,0.000000000,0.000000000,1200.014999906,1200.014999906,48.000599996,48.000599996,-0.000000000,0.000000000
synthetic,0.000000000,25.000000000,5000.000000000,5.000000000,0.750000000,177.881850123,177.881850123,-0.000000000,-0.000000000,0.000000000,11736.874798285,11736.874798285,24.516625000,24.516625000,0.000000000,0.000000000,1200.014999906,1200.014999906,48.000599996,48.000599996,-0.000000000,0.000000000
synthetic,0.000000000,25.000000000,5000.000000000,10.000000000,0.000000000,177.881850123,177.881850123,-0.000000000,-0.000000000,0.000000000,11736.874798285,11736.874798285,24.516625000,24.516625000,0.000000000,0.000000000,1200.014999906,1200.014999906,48.000599996,48.000599996,-0.000000000,0.000000000
synthetic,0.000000000,25.000000000,5000.000000000,10.000000000,0.250000000,177.881850123,177.881850123,-0.000000000,-0.000000000,0.000000000,11736.874798285,11736.874798285,24.516625000,24.516625000,0.000000000,0.000000000,1200.014999906,1200.014999906,48.000599996,48.000599996,-0.000000000,0.000000000
synthetic,0.000000000,25.000000000,5000.000000000,10.000000000,0.500000000,177.881850123,177.881850123,-0.000000000,-0.000000000,0.000000000,11736.874798285,11736.874798285,24.516625000,24.516625000,0.000000000,0.000000000,1200.014999906,1200.014999906,48.000599996,48.000599996,-0.000000000,0.000000000
synthetic,0.000000000,25.000000000,5000.000000000,10.000000000,0.750000000,177.881850123,177.881850123,-0.000000000,-0.000000000,0.000000000,11736.874798285,11736.874798285,24.516625000,24.516625000,0.000000000,0.000000000,1200.014999906,1200.014999906,48.000599996,48.000599996,-0.000000000,0.000000000
synthetic,0.000000000,25.000000000,5000.000000000,30.000000000,0.000000000,177.881850123,177.881850123,-0.000000000,-0.000000000,0.000000000,11736.874798285,11736.874798285,24.516625000,24.516625000,0.000000000,0.000000000,1200.014999906,1200.014999906,48.000599996,48.000599996,-0.000000000,0.000000000
synthetic,0.000000000,25.000000000,5000.000000000,30.000000000,0.250000000,177.881850123,177.881850123,-0.000000000,-0.000000000,0.000000000,11736.874798285,11736.874798285,24.516625000,24.516625000,0.000000000,0.000000000,1200.014999906,1200.014999906,48.000599996,48.000599996,-0.000000000,0.000000000
synthetic,0.000000000,25.000000000,5000.000000000,30.000000000,0.500000000,177.881850123,177.881850123,-0.000000000,-0.000000000,0.000000000,11736.874798285,11736.874798285,24.516625000,24.516625000,0.000000000,0.000000000,1200.014999906,1200.014999906,48.000599996,48.000599996,-0.000000000,0.000000000
synthetic,0.000000000,25.000000000,5000.000000000,30.000000000,0.750000000,177.881850123,177.881850123,-0.000000000,-0.000000000,0.000000000,11736.874798285,11736.874798285,24.516625000,24.516625000,0.000000000,0.000000000,1200.014999906,1200.014999906,48.000599996,48.000599996,-0.000000000,0.000000000
synthetic,0.000000000,25.000000000,20000.000000000,5.000000000,0.000000000,177.881850123,177.881850123,-0.000000000,-0.000000000,0.000000000,11736.874798285,11736.874798285,24.516625000,24.516625000,0.000000000,0.000000000,1200.014999906,1200.014999906,48.000599996,48.000599996,-0.000000000,0.000000000
synthetic,0.000000000,25.000000000,20000.000000000,5.000000000,0.250000000,177.881850123,177.881850123,-0.000000000,-0.000000000,0.000000000,11736.874798285,11736.874798285,24.516625000,24.516625000,0.000000000,0.000000000,1200.014999906,1200.014999906,48.000599996,48.000599996,-0.000000000,0.000000000
synthetic,0.000000000,25.000000000,20000.000000000,5.000000000,0.500000000,177.881850123,177.881850123,-0.000000000,-0.000000000,0.000000000,11736.874798285,11736.874798285,24.516625000,24.516625000,0.000000000,0.000000000,1200.014999906,1200.014999906,48.000599996,48.000599996,-0.000000000,0.000000000
synthetic,0.000000000,25.000000000,20000.000000000,5.000000000,0.750000000,177.881850123,177.881850123,-0.000000000,-0.000000000,0.000000000,11736.874798285,11736.874798285,24.516625000,24.516625000,0.000000000,0.000000000,1200.014999906,1200.014999906,48.000599996,48.000599996,-0.000000000,0.000000000
synthetic,0.000000000,25.000000000,20000.000000000,10.000000000,0.000000000,177.881850123,177.881850123,-0.000000000,-0.000000000,0.000000000,11736.874798285,11736.874798285,24.516625000,24.516625000,0.000000000,0.000000000,1200.014999906,1200.014999906,48.000599996,48.000599996,-0.000000000,0.000000000
synthetic,0.000000000,25.000000000,20000.000000000,10.000000000,0.250000000,177.881850123,177.881850123,-0.000000000,-0.000000000,0.000000000,11736.874798285,11736.874798285,24.516625000,24.516625000,0.000000000,0.000000000,1200.014999906,1200.014999906,48.000599996,48.000599996,-0.000000000,0.000000000
synthetic,0.000000000,25.000000000,20000.000000000,10.000000000,0.500000000,177.881850123,177.881850123,-0.000000000,-0.000000000,0.000000000,11736.874798285,11736.874798285,24.516625000,24.516625000,0.000000000,0.000000000,1200.014999906,1200.014999906,48.000599996,48.000599996,-0.000000000,0.000000000
synthetic,0.000000000,25.000000000,20000.000000000,10.000000000,0.750000000,177.881850123,177.881850123,-0.000000000,-0.000000000,0.000000000,11736.874798285,11736.874798285,24.516625000,24.516625000,0.000000000,0.000000000,1200.014999906,1200.014999906,48.000599996,48.000599996,-0.000000000,0.000000000
synthetic,0.000000000,25.000000000,20000.000000000,30.000000000,0.000000000,177.881850123,177.881850123,-0.000000000,-0.000000000,0.000000000,11736.874798285,11736.874798285,24.516625000,24.516625000,0.000000000,0.000000000,1200.014999906,1200.014999906,48.000599996,48.000599996,-0.000000000,0.000000000
synthetic,0.000000000,25.000000000,20000.000000000,30.000000000,0.250000000,177.881850123,177.881850123,-0.000000000,-0.000000000,0.000000000,11736.874798285,11736.874798285,24.516625000,24.516625000,0.000000000,0.000000000,1200.014999906,1200.014999906,48.000599996,48.000599996,-0.000000000,0.000000000
synthetic,0.000000000,25.000000000,20000.000000000,30.000000000,0.500000000,177.881850123,177.881850123,-0.000000000,-0.000000000,0.000000000,11736.874798285,11736.874798285,24.516625000,24.516625000,0.000000000,0.000000000,1200.014999906,1200.014999906,48.000599996,48.000599996,-0.000000000,0.000000000
synthetic,0.000000000,25.000000000,20000.000000000,30.000000000,0.750000000,177.881850123,177.881850123,-0.000000000,-0.000000000,0.000000000,11736.874798285,11736.874798285,24.516625000,24.516625000,0.000000000,0.000000000,1200.014999906,1200.014999906,48.000599996,48.000599996,-0.000000000,0.000000000
synthetic,0.250000000,8.000000000,0.000000000,5.000000000,0.000000000,133.118876479,130.865719682,-2.253156796,-1.692590004,0.623058138,7438.339083046,6959.669700696,24.516625000,24.516625000,0.000000000,0.000000000,1200.493347613,1200.470070567,150.061668452,150.058758821,-0.000000000,0.000000000
synthetic,0.250000000,8.000000000,0.000000000,5.000000000,0.250000000,133.118876479,131.542664466,-1.576212013,-1.184063488,0.632125916,7438.339083046,7412.245358022,24.516625000,24.516625000,0.000000000,0.000000000,1200.493347613,1200.470072600,150.061668452,150.058759075,-0.000000000,0.000000000
synthetic,0.250000000,8.000000000,0.000000000,5.000000000,0.500000000,133.118876479,132.399570254,-0.719306225,-0.540348780,0.623058138,7438.339083046,7319.709102129,24.516625000,24.516625000,0.000000000,0.000000000,1200.493347613,1200.470070567,150.061668452,150.058758821,-0.000000000,0.000000000
synthetic,0.250000000,8.000000000,0.000000000,5.000000000,0.750000000,133.118876479,131.542664466,-1.576212013,-1.184063488,0.632111587,7438.339083046,7412.245358022,24.516625000,24.516625000,0.000000000,0.000000000,1200.493347613,1200.470072600,150.061668452,150.058759075,-0.000000000,0.000000000
synthetic,0.250000000,8.000000000,0.000000000,10.000000000,0.000000000,133.118876479,126.187698749,-6.931177729,-5.206757984,1.213250621,7438.339083046,5744.848304546,24.516625000,24.516625000,0.000000000,0.000000000,1200.493347613,1200.405111643,150.061668452,150.050638955,-0.000000000,-0.000000000
synthetic,0.250000000,8.000000000,0.000000000,10.000000000,0.250000000,133.118876479,126.603628221,-6.515248258,-4.894308328,1.212849514,7438.339083046,7319.709102129,24.516625000,24.516625000,0.000000000,0.000000000,1200.493347613,1200.405140588,150.061668452,150.050642573,-0.000000000,0.000000000
synthetic,0.250000000,8.000000000,0.000000000,10.000000000,0.500000000,133.118876479,129.030827857,-4.088048621,-3.070975905,1.213250621,7438.339083046,6959.669700696,24.516625000,24.516625000,0.000000000,0.000000000,1200.493347613,1200.405053126,150.061668452,150.050631641,-0.000000000,-0.000000000
synthetic,0.250000000,8.000000000,0.000000000,10.000000000,0.750000000,133.118876479,126.603628221,-6.515248258,-4.894308328,1.212849514,7438.339083046,7319.709102129,24.516625000,24.516625000,0.000000000,0.000000000,1200.493347613,1200.405140588,150.061668452,150.050642573,-0.000000000,0.000000000
synthetic,0.250000000,8.000000000,0.000000000,30.000000000,0.000000000,133.118876479,103.660325014,-29.458551464,-22.129507282,2.669637135,7438.339083046,3601.963828249,24.516625000,24.516625000,0.000000000,0.000000000,1200.493347613,1200.065896450,150.061668452,150.008237056,-0.000000000,0.000000000
synthetic,0.250000000,8.000000000,0.000000000,30.000000000,0.250000000,133.118876479,103.660400008,-29.458476471,-22.129450946,2.656790473,7438.339083046,6394.462081166,24.516625000,24.516625000,0.000000000,0.000000000,1200.493347613,1200.069998741,150.061668452,150.008749843,-0.000000000,0.000000000
synthetic,0.250000000,8.000000000,0.000000000,30.000000000,0.500000000,133.118876479,103.660325001,-29.458551477,-22.129507292,2.669637135,7438.339083046,4007.825709805,24.516625000,24.516625000,0.000000000,0.000000000,1200.493347613,1200.065895727,150.061668452,150.008236966,-0.000000000,0.000000000
synthetic,0.250000000,8.000000000,0.000000000,30.000000000,0.750000000,133.118876479,103.660400008,-29.458476471,-22.129450946,2.656790473,7438.339083046,6394.462081166,24.516625000,24.516625000,0.000000000,0.000000000,1200.493347613,1200.069998741,150.061668452,150.008749843,-0.000000000,0.000000000
synthetic,0.250000000,8.000000000,5000.000000000,5.000000000,0.000000000,115.890195165,114.954886163,-0.935309002,-0.807064826,0.623058138,7438.339083046,6959.669700696,24.516625000,24.516625000,17.228681313,15.910833519,1200.493347613,1200.470070567,150.061668452,150.058758821,-0.000000000,0.000000000
synthetic,0.250000000,8.000000000,5000.000000000,5.000000000,0.250000000,115.890195165,115.235818270,-0.654376895,-0.564652510,0.632125916,7438.339083046,7412.245358022,24.516625000,24.516625000,17.228681313,16.306846196,1200.493347613,1200.470072600,150.061668452,150.058759075,-0.000000000,0.000000000
synthetic,0.250000000,8.000000000,5000.000000000,5.000000000,0.500000000,115.890195165,115.591434150,-0.298761015,-0.257796628,0.623058138,7438.339083046,7319.709102129,24.516625000,24.516625000,17.228681313,16.808136104,1200.493347613,1200.470070567,150.061668452,150.058758821,-0.000000000,0.000000000
synthetic,0.250000000,8.000000000,5000.000000000,5.000000000,0.750000000,115.890195165,115.235818270,-0.654376895,-0.564652510,0.632111587,7438.339083046,7412.245358022,24.516625000,24.516625000,17.228681313,16.306846196,1200.493347613,1200.470072600,150.061668452,150.058759075,-0.000000000,0.000000000
synthetic,0.250000000,8.000000000,5000.000000000,10.000000000,0.000000000,115.890195165,113.012812785,-2.877382380,-2.482852303,1.213250621,7438.339083046,5744.848304546,24.516625000,24.516625000,17.228681313,13.174885964,1200.493347613,1200.405111643,150.061668452,150.050638955,-0.000000000,-0.000000000
synthetic,0.250000000,8.000000000,5000.000000000,10.000000000,0.250000000,115.890195165,113.185423825,-2.704771340,-2.333908694,1.212849514,7438.339083046,7319.709102129,24.516625000,24.516625000,17.228681313,13.418204395,1200.493347613,1200.405140588,150.061668452,150.050642573,-0.000000000,-0.000000000
synthetic,0.250000000,8.000000000,5000.000000000,10.000000000,0.500000000,115.890195165,114.192710739,-1.697484426,-1.464735152,1.213250621,7438.339083046,6959.669700696,24.516625000,24.516625000,17.228681313,14.838117118,1200.493347613,1200.405053126,150.061668452,150.050631641,-0.000000000,-0.000000000
synthetic,0.250000000,8.000000000,5000.000000000,10.000000000,0.750000000,115.890195165,113.185423825,-2.704771340,-2.333908694,1.212849514,7438.339083046,7319.709102129,24.516625000,24.516625000,17.228681313,13.418204395,1200.493347613,1200.405140588,150.061668452,150.050642573,-0.000000000,-0.000000000
synthetic,0.250000000,8.000000000,5000.000000000,30.000000000,0.000000000,115.890195165,103.660325014,-12.229870151,-10.552980892,2.669637135,7438.339083046,3601.963828249,24.516625000,24.516625000,17.228681313,0.000000000,1200.493347613,1200.065896450,150.061668452,150.008237056,-0.000000000,0.000000000
synthetic,0.250000000,8.000000000,5000.000000000,30.000000000,0.250000000,115.890195165,103.660400008,-12.229795158,-10.552916181,2.656790473,7438.339083046,6394.462081166,24.516625000,24.516625000,17.228681313,0.000000000,1200.493347613,1200.069998741,150.061668452,150.008749843,-0.000000000,0.000000000
synthetic,0.250000000,8.000000000,5000.000000000,30.000000000,0.500000000,115.890195165,103.660325001,-12.229870164,-10.552980903,2.669637135,7438.339083046,4007.825709805,24.516625000,24.516625000,17.228681313,0.000000000,1200.493347613,1200.065895727,150.061668452,150.008236966,-0.000000000,0.000000000
synthetic,0.250000000,8.000000000,5000.000000000,30.000000000,0.750000000,115.890195165,103.660400008,-12.229795158,-10.552916181,2.656790473,7438.339083046,6394.462081166,24.516625000,24.516625000,17.228681313,0.000000000,1200.493347613,1200.069998741,150.061668452,150.008749843,-0.000000000,0.000000000
synthetic,0.250000000,8.000000000,20000.000000000,5.000000000,0.000000000,115.890195165,114.954886163,-0.935309002,-0.807064826,0.623058138,7438.339083046,6959.669700696,24.516625000,24.516625000,17.228681313,15.910833519,1200.493347613,1200.470070567,150.061668452,150.058758821,-0.000000000,0.000000000
synthetic,0.250000000,8.000000000,20000.000000000,5.000000000,0.250000000,115.890195165,115.235818270,-0.654376895,-0.564652510,0.632125916,7438.339083046,7412.245358022,24.516625000,24.516625000,17.228681313,16.306846196,1200.493347613,1200.470072600,150.061668452,150.058759075,-0.000000000,0.000000000
synthetic,0.250000000,8.000000000,20000.000000000,5.000000000,0.500000000,115.890195165,115.591434150,-0.298761015,-0.257796628,0.623058138,7438.339083046,7319.709102129,24.516625000,24.516625000,17.228681313,16.808136104,1200.493347613,1200.470070567,150.061668452,150.058758821,-0.000000000,0.000000000
synthetic,0.250000000,8.000000000,20000.000000000,5.000000000,0.750000000,115.890195165,115.235818270,-0.654376895,-0.564652510,0.632111587,7438.339083046,7412.245358022,24.516625000,24.516625000,17.228681313,16.306846196,1200.493347613,1200.470072600,150.061668452,150.058759075,-0.000000000,0.000000000
synthetic,0.250000000,8.000000000,20000.000000000,10.000000000,0.000000000,115.890195165,113.012812785,-2.877382380,-2.482852303,1.213250621,7438.339083046,5744.848304546,24.516625000,24.516625000,17.228681313,13.174885964,1200.493347613,1200.405111643,150.061668452,150.050638955,-0.000000000,-0.000000000
synthetic,0.250000000,8.000000000,20000.000000000,10.000000000,0.250000000,115.890195165,113.185423825,-2.704771340,-2.333908694,1.212849514,7438.339083046,7319.709102129,24.516625000,24.516625000,17.228681313,13.418204395,1200.493347613,1200.405140588,150.061668452,150.050642573,-0.000000000,-0.000000000
synthetic,0.250000000,8.000000000,20000.000000000,10.000000000,0.500000000,115.890195165,114.192710739,-1.697484426,-1.464735152,1.213250621,7438.339083046,6959.669700696,24.516625000,24.516625000,17.228681313,14.838117118,1200.493347613,1200.405053126,150.061668452,150.050631641,-0.000000000,-0.000000000
synthetic,0.250000000,8.000000000,20000.000000000,10.000000000,0.750000000,115.890195165,113.185423825,-2.704771340,-2.333908694,1.212849514,7438.339083046,7319.709102129,24.516625000,24.516625000,17.228681313,13.418204395,1200.493347613,1200.405140588,150.061668452,150.050642573,-0.000000000,-0.000000000
synthetic,0.250000000,8.000000000,20000.000000000,30.000000000,0.000000000,115.890195165,103.660325014,-12.229870151,-10.552980892,2.669637135,7438.339083046,3601.963828249,24.516625000,24.516625000,17.228681313,0.000000000,1200.493347613,1200.065896450,150.061668452,150.008237056,-0.000000000,0.000000000
synthetic,0.250000000,8.000000000,20000.000000000,30.000000000,0.250000000,115.890195165,103.660400008,-12.229795158,-10.552916181,2.656790473,7438.339083046,6394.462081166,24.516625000,24.516625000,17.228681313,0.000000000,1200.493347613,1200.069998741,150.061668452,150.008749843,-0.000000000,0.000000000
synthetic,0.250000000,8.000000000,20000.000000000,30.000000000,0.500000000,115.890195165,103.660325001,-12.229870164,-10.552980903,2.669637135,7438.339083046,4007.825709805,24.516625000,24.516625000,17.228681313,0.000000000,1200.493347613,1200.065895727,150.061668452,150.008236966,-0.000000000,0.000000000
synthetic,0.250000000,8.000000000,20000.000000000,30.000000000,0.750000000,115.890195165,103.660400008,-12.229795158,-10.552916181,2.656790473,7438.339083046,6394.462081166,24.516625000,24.516625000,17.228681313,0.000000000,1200.493347613,1200.069998741,150.061668452,150.008749843,-0.000000000,0.000000000
synthetic,0.250000000,15.000000000,0.000000000,5.000000000,0.000000000,143.003053930,141.120070991,-1.882982940,-1.316743166,0.623058138,14908.357655712,14010.852563805,24.516625000,24.516625000,0.000000000,0.000000000,1200.493347613,1200.470070567,80.032889841,80.031338038,-0.000000000,0.000000000
synthetic,0.250000000,15.000000000,0.000000000,5.000000000,0.250000000,143.003053930,141.716125982,-1.286927948,-0.899930395,0.632125916,14908.357655712,14859.431921291,24.516625000,24.516625000,0.000000000,0.000000000,1200.493347613,1200.470072600,80.032889841,80.031338173,-0.000000000,0.000000000
synthetic,0.250000000,15.000000000,0.000000000,5.000000000,0.500000000,143.003053930,141.649477424,-1.353576506,-0.946536783,0.623058138,14908.357655712,14685.926441493,24.516625000,24.516625000,0.000000000,0.000000000,1200.493347613,1200.470070567,80.032889841,80.031338038,-0.000000000,0.000000000
synthetic,0.250000000,15.000000000,0.000000000,5.000000000,0.750000000,143.003053930,141.716125982,-1.286927948,-0.899930395,0.632111587,14908.357655712,14859.431921291,24.516625000,24.516625000,0.000000000,0.000000000,1200.493347613,1200.470072600,80.032889841,80.031338173,-0.000000000,0.000000000
synthetic,0.250000000,15.000000000,0.000000000,10.000000000,0.000000000,143.003053930,134.062051226,-8.941002705,-6.252315918,1.213250621,14908.357655712,11733.062446024,24.516625000,24.516625000,0.000000000,0.000000000,1200.493347613,1200.405111643,80.032889841,80.027007443,-0.000000000,-0.000000000
synthetic,0.250000000,15.000000000,0.000000000,10.000000000,0.250000000,143.003053930,137.340818589,-5.662235341,-3.959520573,1.212849514,14908.357655712,14685.926441493,24.516625000,24.516625000,0.000000000,0.000000000,1200.493347613,1200.405140588,80.032889841,80.027009373,-0.000000000,-0.000000000
synthetic,0.250000000,15.000000000,0.000000000,10.000000000,0.500000000,143.003053930,141.005764717,-1.997289213,-1.396675916,1.213250621,14908.357655712,14010.852563805,24.516625000,24.516625000,0.000000000,0.000000000,1200.493347613,1200.405053126,80.032889841,80.027003542,-0.000000000,0.000000000
synthetic,0.250000000,15.000000000,0.000000000,10.000000000,0.750000000,143.003053930,137.340818589,-5.662235341,-3.959520573,1.212849514,14908.357655712,14685.926441492,24.516625000,24.516625000,0.000000000,0.000000000,1200.493347613,1200.405140588,80.032889841,80.027009373,-0.000000000,0.000000000
synthetic,0.250000000,15.000000000,0.000000000,30.000000000,0.000000000,143.003053930,121.568021301,-21.435032629,-14.989213195,2.669637135,14908.357655712,7715.154052966,24.516625000,24.516625000,0.000000000,0.000000000,1200.493347613,1200.065896450,80.032889841,80.004393097,-0.000000000,0.000000000
synthetic,0.250000000,15.000000000,0.000000000,30.000000000,0.250000000,143.003053930,121.568157510,-21.434896420,-14.989117946,2.656790473,14908.357655712,12951.088277187,24.516625000,24.516625000,0.000000000,0.000000000,1200.493347613,1200.069998741,80.032889841,80.004666583,-0.000000000,-0.000000000
synthetic,0.250000000,15.000000000,0.000000000,30.000000000,0.500000000,143.003053930,121.568021277,-21.435032653,-14.989213212,2.669637135,14908.357655712,8476.145080884,24.516625000,24.516625000,0.000000000,0.000000000,1200.493347613,1200.065895727,80.032889841,80.004393048,-0.000000000,0.000000000
synthetic,0.250000000,15.000000000,0.000000000,30.000000000,0.750000000,143.003053930,121.568157510,-21.434896420,-14.989117946,2.656790473,14908.357655712,12951.088277186,24.516625000,24.516625000,0.000000000,0.000000000,1200.493347613,1200.069998741,80.032889841,80.004666583,-0.000000000,0.000000000
synthetic,0.250000000,15.000000000,5000.000000000,5.000000000,0.000000000,130.471862580,129.689972531,-0.781890049,-0.599278675,0.623058138,14908.357655712,14010.852563805,24.516625000,24.516625000,12.531191350,11.430098460,1200.493347613,1200.470070567,80.032889841,80.031338038,-0.000000000,0.000000000
synthetic,0.250000000,15.000000000,5000.000000000,5.000000000,0.250000000,130.471862580,129.937335392,-0.534527188,-0.409687712,0.632125916,14908.357655712,14859.431921291,24.516625000,24.516625000,12.531191350,11.778790590,1200.493347613,1200.470072600,80.032889841,80.031338173,-0.000000000,0.000000000
synthetic,0.250000000,15.000000000,5000.000000000,5.000000000,0.500000000,130.471862580,129.909676201,-0.562186379,-0.430887065,0.623058138,14908.357655712,14685.926441493,24.516625000,24.516625000,12.531191350,11.739801223,1200.493347613,1200.470070567,80.032889841,80.031338038,-0.000000000,0.000000000
synthetic,0.250000000,15.000000000,5000.000000000,5.000000000,0.750000000,130.471862580,129.937335392,-0.534527188,-0.409687712,0.632111587,14908.357655712,14859.431921291,24.516625000,24.516625000,12.531191350,11.778790590,1200.493347613,1200.470072600,80.032889841,80.031338173,-0.000000000,0.000000000
synthetic,0.250000000,15.000000000,5000.000000000,10.000000000,0.000000000,130.471862580,126.759632578,-3.712230003,-2.845234160,1.213250621,14908.357655712,11733.062446024,24.516625000,24.516625000,12.531191350,7.302418648,1200.493347613,1200.405111643,80.032889841,80.027007443,-0.000000000,-0.000000000
synthetic,0.250000000,15.000000000,5000.000000000,10.000000000,0.250000000,130.471862580,128.120321596,-2.351540985,-1.802335721,1.212849514,14908.357655712,14685.926441493,24.516625000,24.516625000,12.531191350,9.220496993,1200.493347613,1200.405140588,80.032889841,80.027009373,-0.000000000,-0.000000000
synthetic,0.250000000,15.000000000,5000.000000000,10.000000000,0.500000000,130.471862580,129.641272540,-0.830590040,-0.636604724,1.213250621,14908.357655712,14010.852563805,24.516625000,24.516625000,12.531191350,11.364492177,1200.493347613,1200.405053126,80.032889841,80.027003542,-0.000000000,0.000000000
synthetic,0.250000000,15.000000000,5000.000000000,10.000000000,0.750000000,130.471862580,128.120321596,-2.351540985,-1.802335721,1.212849514,14908.357655712,14685.926441492,24.516625000,24.516625000,12.531191350,9.220496993,1200.493347613,1200.405140588,80.032889841,80.027009373,-0.000000000,-0.000000000
synthetic,0.250000000,15.000000000,5000.000000000,30.000000000,0.000000000,130.471862580,121.568021301,-8.903841279,-6.824338292,2.669637135,14908.357655712,7715.154052966,24.516625000,24.516625000,12.531191350,0.000000000,1200.493347613,1200.065896450,80.032889841,80.004393097,-0.000000000,0.000000000
synthetic,0.250000000,15.000000000,5000.000000000,30.000000000,0.250000000,130.471862580,121.568157510,-8.903705070,-6.824233895,2.656790473,14908.357655712,12951.088277187,24.516625000,24.516625000,12.531191350,0.000000000,1200.493347613,1200.069998741,80.032889841,80.004666583,-0.000000000,-0.000000000
synthetic,0.250000000,15.000000000,5000.000000000,30.000000000,0.500000000,130.471862580,121.568021277,-8.903841303,-6.824338311,2.669637135,14908.357655712,8476.145080884,24.516625000,24.516625000,12.531191350,0.000000000,1200.493347613,1200.065895727,80.032889841,80.004393048,-0.000000000,0.000000000
synthetic,0.250000000,15.000000000,5000.000000000,30.000000000,0.750000000,130.471862580,121.568157510,-8.903705070,-6.824233895,2.656790473,14908.357655712,12951.088277186,24.516625000,24.516625000,12.531191350,0.000000000,1200.493347613,1200.069998741,80.032889841,80.004666583,-0.000000000,0.000000000
synthetic,0.250000000,15.000000000,20000.000000000,5.000000000,0.000000000,130.471862580,129.689972531,-0.781890049,-0.599278675,0.623058138,14908.357655712,14010.852563805,24.516625000,24.516625000,12.531191350,11.430098460,1200.493347613,1200.470070567,80.032889841,80.031338038,-0.000000000,0.000000000
synthetic,0.250000000,15.000000000,20000.000000000,5.000000000,0.250000000,130.471862580,129.937335392,-0.534527188,-0.409687712,0.632125916,14908.357655712,14859.431921291,24.516625000,24.516625000,12.531191350,11.778790590,1200.493347613,1200.470072600,80.032889841,80.031338173,-0.000000000,0.000000000
synthetic,0.250000000,15.000000000,20000.000000000,5.000000000,0.500000000,130.471862580,129.909676201,-0.562186379,-0.430887065,0.623058138,14908.357655712,14685.926441493,24.516625000,24.516625000,12.531191350,11.739801223,1200.493347613,1200.470070567,80.032889841,80.031338038,-0.000000000,0.000000000
synthetic,0.250000000,15.000000000,20000.000000000,5.000000000,0.750000000,130.471862580,129.937335392,-0.534527188,-0.409687712,0.632111587,14908.357655712,14859.431921291,24.516625000,24.516625000,12.531191350,11.778790590,1200.493347613,1200.470072600,80.032889841,80.031338173,-0.000000000,0.000000000
synthetic,0.250000000,15.000000000,20000.000000000,10.000000000,0.000000000,130.471862580,126.759632578,-3.712230003,-2.845234160,1.213250621,14908.357655712,11733.062446024,24.516625000,24.516625000,12.531191350,7.302418648,1200.493347613,1200.405111643,80.032889841,80.027007443,-0.000000000,-0.000000000
synthetic,0.250000000,15.000000000,20000.000000000,10.000000000,0.250000000,130.471862580,128.120321596,-2.351540985,-1.802335721,1.212849514,14908.357655712,14685.926441493,24.516625000,24.516625000,12.531191350,9.220496993,1200.493347613,1200.405140588,80.032889841,80.027009373,-0.000000000,-0.000000000
synthetic,0.250000000,15.000000000,20000.000000000,10.000000000,0.500000000,130.471862580,129.641272540,-0.830590040,-0.636604724,1.213250621,14908.357655712,14010.852563805,24.516625000,24.516625000,12.531191350,11.364492177,1200.493347613,1200.405053126,80.032889841,80.027003542,-0.000000000,0.000000000
synthetic,0.250000000,15.000000000,20000.000000000,10.000000000,0.750000000,130.471862580,128.120321596,-2.351540985,-1.802335721,1.212849514,14908.357655712,14685.926441492,24.516625000,24.516625000,12.531191350,9.220496993,1200.493347613,1200.405140588,80.032889841,80.027009373,-0.000000000,-0.000000000
synthetic,0.250000000,15.000000000,20000.000000000,30.000000000,0.000000000,130.471862580,121.568021301,-8.903841279,-6.824338292,2.669637135,14908.357655712,7715.154052966,24.516625000,24.516625000,12.531191350,0.000000000,1200.493347613,1200.065896450,80.032889841,80.004393097,-0.000000000,0.000000000
synthetic,0.250000000,15.000000000,20000.000000000,30.000000000,0.250000000,130.471862580,121.568157510,-8.903705070,-6.824233895,2.656790473,14908.357655712,12951.088277187,24.516625000,24.516625000,12.531191350,0.000000000,1200.493347613,1200.069998741,80.032889841,80.004666583,-0.000000000,-0.000000000
synthetic,0.250000000,15.000000000,20000.000000000,30.000000000,0.500000000,130.471862580,121.568021277,-8.903841303,-6.824338311,2.669637135,14908.357655712,8476.145080884,24.516625000,24.516625000,12.531191350,0.000000000,1200.493347613,1200.065895727,80.032889841,80.004393048,-0.000000000,0.000000000
synthetic,0.250000000,15.000000000,20000.000000000,30.000000000,0.750000000,130.471862580,121.568157510,-8.903705070,-6.824233895,2.656790473,14908.357655712,12951.088277186,24.516625000,24.516625000,12.531191350,0.000000000,1200.493347613,1200.069998741,80.032889841,80.004666583,-0.000000000,0.000000000
synthetic,0.250000000,25.000000000,0.000000000,5.000000000,0.000000000,184.239770246,183.743800852,-0.495969393,-0.269197792,0.623058138,28828.512759520,27332.670939674,24.516625000,24.516625000,0.000000000,0.000000000,1200.493347613,1200.470070567,48.019733905,48.018802823,-0.000000000,0.000000000
synthetic,0.250000000,25.000000000,0.000000000,5.000000000,0.250000000,184.239770246,183.440422136,-0.799348109,-0.433862954,0.632125916,28828.512759520,28746.969868819,24.516625000,24.516625000,0.000000000,0.000000000,1200.493347613,1200.470072600,48.019733905,48.018802904,-0.000000000,0.000000000
synthetic,0.250000000,25.000000000,0.000000000,5.000000000,0.500000000,184.239770246,182.903264838,-1.336505407,-0.725416345,0.623058138,28828.512759520,28457.794069154,24.516625000,24.516625000,0.000000000,0.000000000,1200.493347613,1200.470070567,48.019733905,48.018802823,-0.000000000,0.000000000
synthetic,0.250000000,25.000000000,0.000000000,5.000000000,0.750000000,184.239770246,183.440422136,-0.799348109,-0.433862954,0.632111587,28828.512759520,28746.969868818,24.516625000,24.516625000,0.000000000,0.000000000,1200.493347613,1200.470072600,48.019733905,48.018802904,-0.000000000,0.000000000
synthetic,0.250000000,25.000000000,0.000000000,10.000000000,0.000000000,184.239770246,177.927855427,-6.311914818,-3.425924169,1.213250621,28828.512759520,23536.354076706,24.516625000,24.516625000,0.000000000,0.000000000,1200.493347613,1200.405111643,48.019733905,48.016204466,-0.000000000,0.000000000
synthetic,0.250000000,25.000000000,0.000000000,10.000000000,0.250000000,184.239770246,181.474749494,-2.765020751,-1.500773013,1.212849514,28828.512759520,28457.794069154,24.516625000,24.516625000,0.000000000,0.000000000,1200.493347613,1200.405140588,48.019733905,48.016205624,-0.000000000,0.000000000
synthetic,0.250000000,25.000000000,0.000000000,10.000000000,0.500000000,184.239770246,183.720009151,-0.519761094,-0.282111237,1.213250621,28828.512759520,27332.670939674,24.516625000,24.516625000,0.000000000,0.000000000,1200.493347613,1200.405053126,48.019733905,48.016202125,-0.000000000,-0.000000000
synthetic,0.250000000,25.000000000,0.000000000,10.000000000,0.750000000,184.239770246,181.474749494,-2.765020751,-1.500773013,1.212849514,28828.512759520,28457.794069154,24.516625000,24.516625000,0.000000000,0.000000000,1200.493347613,1200.405140588,48.019733905,48.016205624,-0.000000000,0.000000000
synthetic,0.250000000,25.000000000,0.000000000,30.000000000,0.000000000,184.239770246,177.885928572,-6.353841674,-3.448680850,2.669637135,28828.512759520,16839.840088277,24.516625000,24.516625000,0.000000000,0.000000000,1200.493347613,1200.065896450,48.019733905,48.002635858,-0.000000000,0.000000000
synthetic,0.250000000,25.000000000,0.000000000,30.000000000,0.250000000,184.239770246,177.886257297,-6.353512949,-3.448502427,2.656790473,28828.512759520,25566.397128644,24.516625000,24.516625000,0.000000000,0.000000000,1200.493347613,1200.069998741,48.019733905,48.002799950,-0.000000000,0.000000000
synthetic,0.250000000,25.000000000,0.000000000,30.000000000,0.500000000,184.239770246,177.885928514,-6.353841732,-3.448680881,2.669637135,28828.512759520,18108.158468139,24.516625000,24.516625000,0.000000000,0.000000000,1200.493347613,1200.065895727,48.019733905,48.002635829,-0.000000000,0.000000000
synthetic,0.250000000,25.000000000,0.000000000,30.000000000,0.750000000,184.239770246,177.886257297,-6.353512949,-3.448502427,2.656790473,28828.512759520,25566.397128644,24.516625000,24.516625000,0.000000000,0.000000000,1200.493347613,1200.069998741,48.019733905,48.002799950,-0.000000000,0.000000000
synthetic,0.250000000,25.000000000,5000.000000000,5.000000000,0.000000000,180.542810623,180.335892160,-0.206918463,-0.114609085,0.623058138,28828.512759520,27332.670939674,24.516625000,24.516625000,3.696959623,3.407908693,1200.493347613,1200.470070567,48.019733905,48.018802823,-0.000000000,-0.000000000
synthetic,0.250000000,25.000000000,5000.000000000,5.000000000,0.250000000,180.542810623,180.209990088,-0.332820535,-0.184344386,0.632125916,28828.512759520,28746.969868819,24.516625000,24.516625000,3.696959623,3.230432049,1200.493347613,1200.470072600,48.019733905,48.018802904,-0.000000000,0.000000000
synthetic,0.250000000,25.000000000,5000.000000000,5.000000000,0.500000000,180.542810623,179.987069714,-0.555740909,-0.307816693,0.623058138,28828.512759520,28457.794069154,24.516625000,24.516625000,3.696959623,2.916195125,1200.493347613,1200.470070567,48.019733905,48.018802823,-0.000000000,0.000000000
synthetic,0.250000000,25.000000000,5000.000000000,5.000000000,0.750000000,180.542810623,180.209990088,-0.332820535,-0.184344386,0.632111587,28828.512759520,28746.969868818,24.516625000,24.516625000,3.696959623,3.230432049,1200.493347613,1200.470072600,48.019733905,48.018802904,-0.000000000,0.000000000
synthetic,0.250000000,25.000000000,5000.000000000,10.000000000,0.000000000,180.542810623,177.919229709,-2.623580914,-1.453162773,1.213250621,28828.512759520,23536.354076706,24.516625000,24.516625000,3.696959623,0.008625718,1200.493347613,1200.405111643,48.019733905,48.016204466,-0.000000000,0.000000000
synthetic,0.250000000,25.000000000,5000.000000000,10.000000000,0.250000000,180.542810623,179.391192104,-1.151618519,-0.637864513,1.212849514,28828.512759520,28457.794069154,24.516625000,24.516625000,3.696959623,2.083557390,1200.493347613,1200.405140588,48.019733905,48.016205624,-0.000000000,0.000000000
synthetic,0.250000000,25.000000000,5000.000000000,10.000000000,0.500000000,180.542810623,180.322970761,-0.219839861,-0.121766057,1.213250621,28828.512759520,27332.670939674,24.516625000,24.516625000,3.696959623,3.397038390,1200.493347613,1200.405053126,48.019733905,48.016202125,-0.000000000,0.000000000
synthetic,0.250000000,25.000000000,5000.000000000,10.000000000,0.750000000,180.542810623,179.391192104,-1.151618519,-0.637864513,1.212849514,28828.512759520,28457.794069154,24.516625000,24.516625000,3.696959623,2.083557390,1200.493347613,1200.405140588,48.019733905,48.016205624,-0.000000000,0.000000000
synthetic,0.250000000,25.000000000,5000.000000000,30.000000000,0.000000000,180.542810623,177.885928572,-2.656882051,-1.471607782,2.669637135,28828.512759520,16839.840088277,24.516625000,24.516625000,3.696959623,0.000000000,1200.493347613,1200.065896450,48.019733905,48.002635858,-0.000000000,0.000000000
synthetic,0.250000000,25.000000000,5000.000000000,30.000000000,0.250000000,180.542810623,177.886257297,-2.656553326,-1.471425706,2.656790473,28828.512759520,25566.397128644,24.516625000,24.516625000,3.696959623,0.000000000,1200.493347613,1200.069998741,48.019733905,48.002799950,-0.000000000,0.000000000
synthetic,0.250000000,25.000000000,5000.000000000,30.000000000,0.500000000,180.542810623,177.885928514,-2.656882109,-1.471607814,2.669637135,28828.512759520,18108.158468139,24.516625000,24.516625000,3.696959623,0.000000000,1200.493347613,1200.065895727,48.019733905,48.002635829,-0.000000000,0.000000000
synthetic,0.250000000,25.000000000,5000.000000000,30.000000000,0.750000000,180.542810623,177.886257297,-2.656553326,-1.471425706,2.656790473,28828.512759520,25566.397128644,24.516625000,24.516625000,3.696959623,0.000000000,1200.493347613,1200.069998741,48.019733905,48.002799950,-0.000000000,0.000000000
synthetic,0.250000000,25.000000000,20000.000000000,5.000000000,0.000000000,180.542810623,180.335892160,-0.206918463,-0.114609085,0.623058138,28828.512759520,27332.670939674,24.516625000,24.516625000,3.696959623,3.407908693,1200.493347613,1200.470070567,48.019733905,48.018802823,-0.000000000,-0.000000000
synthetic,0.250000000,25.000000000,20000.000000000,5.000000000,0.250000000,180.542810623,180.209990088,-0.332820535,-0.184344386,0.632125916,28828.512759520,28746.969868819,24.516625000,24.516625000,3.696959623,3.230432049,1200.493347613,1200.470072600,48.019733905,48.018802904,-0.000000000,0.000000000
synthetic,0.250000000,25.000000000,20000.000000000,5.000000000,0.500000000,180.542810623,179.987069714,-0.555740909,-0.307816693,0.623058138,28828.512759520,28457.794069154,24.516625000,24.516625000,3.696959623,2.916195125,1200.493347613,1200.470070567,48.019733905,48.018802823,-0.000000000,0.000000000
synthetic,0.250000000,25.000000000,20000.000000000,5.000000000,0.750000000,180.542810623,180.209990088,-0.332820535,-0.184344386,0.632111587,28828.512759520,28746.969868818,24.516625000,24.516625000,3.696959623,3.230432049,1200.493347613,1200.470072600,48.019733905,48.018802904,-0.000000000,0.000000000
synthetic,0.250000000,25.000000000,20000.000000000,10.000000000,0.000000000,180.542810623,177.919229709,-2.623580914,-1.453162773,1.213250621,28828.512759520,23536.354076706,24.516625000,24.516625000,3.696959623,0.008625718,1200.493347613,1200.405111643,48.019733905,48.016204466,-0.000000000,0.000000000
synthetic,0.250000000,25.000000000,20000.000000000,10.000000000,0.250000000,180.542810623,179.391192104,-1.151618519,-0.637864513,1.212849514,28828.512759520,28457.794069154,24.516625000,24.516625000,3.696959623,2.083557390,1200.493347613,1200.405140588,48.019733905,48.016205624,-0.000000000,0.000000000
synthetic,0.250000000,25.000000000,20000.000000000,10.000000000,0.500000000,180.542810623,180.322970761,-0.219839861,-0.121766057,1.213250621,28828.512759520,27332.670939674,24.516625000,24.516625000,3.696959623,3.397038390,1200.493347613,1200.405053126,48.019733905,48.016202125,-0.000000000,0.000000000
synthetic,0.250000000,25.000000000,20000.000000000,10.000000000,0.750000000,180.542810623,179.391192104,-1.151618519,-0.637864513,1.212849514,28828.512759520,28457.794069154,24.516625000,24.516625000,3.696959623,2.083557390,1200.493347613,1200.405140588,48.019733905,48.016205624,-0.000000000,0.000000000
synthetic,0.250000000,25.000000000,20000.000000000,30.000000000,0.000000000,180.542810623,177.885928572,-2.656882051,-1.471607782,2.669637135,28828.512759520,16839.840088277,24.516625000,24.516625000,3.696959623,0.000000000,1200.493347613,1200.065896450,48.019733905,48.002635858,-0.000000000,0.000000000
synthetic,0.250000000,25.000000000,20000.000000000,30.000000000,0.250000000,180.542810623,177.886257297,-2.656553326,-1.471425706,2.656790473,28828.512759520,25566.397128644,24.516625000,24.516625000,3.696959623,0.000000000,1200.493347613,1200.069998741,48.019733905,48.002799950,-0.000000000,0.000000000
synthetic,0.250000000,25.000000000,20000.000000000,30.000000000,0.500000000,180.542810623,177.885928514,-2.656882109,-1.471607814,2.669637135,28828.512759520,18108.158468139,24.516625000,24.516625000,3.696959623,0.000000000,1200.493347613,1200.065895727,48.019733905,48.002635829,-0.000000000,0.000000000
synthetic,0.250000000,25.000000000,20000.000000000,30.000000000,0.750000000,180.542810623,177.886257297,-2.656553326,-1.471425706,2.656790473,28828.512759520,25566.397128644,24.516625000,24.516625000,3.696959623,0.000000000,1200.493347613,1200.069998741,48.019733905,48.002799950,-0.000000000,0.000000000
synthetic,0.750000000,8.000000000,0.000000000,5.000000000,0.000000000,266.255602787,262.445370607,-3.810232180,-1.431043005,1.869174413,18218.222609689,16818.723015595,24.516625000,24.516625000,0.000000000,0.000000000,1204.309237555,1204.100754435,150.538654694,150.512594304,-0.000000000,0.000000000
synthetic,0.750000000,8.000000000,0.000000000,5.000000000,0.250000000,266.255602787,261.485402248,-4.770200540,-1.791586915,1.896377747,18218.222609689,18142.094888066,24.516625000,24.516625000,0.000000000,0.000000000,1204.309237555,1204.100772263,150.538654694,150.512596533,-0.000000000,0.000000000
synthetic,0.750000000,8.000000000,0.000000000,5.000000000,0.500000000,266.255602787,259.296454663,-6.959148124,-2.613709553,1.869174413,18218.222609689,17871.968155862,24.516625000,24.516625000,0.000000000,0.000000000,1204.309237555,1204.100754413,150.538654694,150.512594302,-0.000000000,0.000000000
synthetic,0.750000000,8.000000000,0.000000000,5.000000000,0.750000000,266.255602787,261.485402248,-4.770200540,-1.791586915,1.896334761,18218.222609689,18142.094888065,24.516625000,24.516625000,0.000000000,0.000000000,1204.309237555,1204.100772263,150.538654694,150.512596533,-0.000000000,0.000000000
synthetic,0.750000000,8.000000000,0.000000000,10.000000000,0.000000000,266.255602787,262.437051135,-3.818551653,-1.434167624,3.639751864,18218.222609689,13241.125952912,24.516625000,24.516625000,0.000000000,0.000000000,1204.309237555,1203.520772997,150.538654694,150.440096625,-0.000000000,-0.000000000
synthetic,0.750000000,8.000000000,0.000000000,10.000000000,0.250000000,266.255602787,246.885083250,-19.370519538,-7.275159409,3.638548542,18218.222609689,17871.968155862,24.516625000,24.516625000,0.000000000,0.000000000,1204.309237555,1203.518937080,150.538654694,150.439867135,-0.000000000,0.000000000
synthetic,0.750000000,8.000000000,0.000000000,10.000000000,0.500000000,266.255602787,227.093240019,-39.162362769,-14.708559128,3.639751864,18218.222609689,16818.723015594,24.516625000,24.516625000,0.000000000,0.000000000,1204.309237555,1203.516075442,150.538654694,150.439509430,-0.000000000,-0.000000000
synthetic,0.750000000,8.000000000,0.000000000,10.000000000,0.750000000,266.255602787,246.885083250,-19.370519538,-7.275159409,3.638548542,18218.222609689,17871.968155862,24.516625000,24.516625000,0.000000000,0.000000000,1204.309237555,1203.518937080,150.538654694,150.439867135,-0.000000000,0.000000000
synthetic,0.750000000,8.000000000,0.000000000,30.000000000,0.000000000,266.255602787,130.751846073,-135.503756715,-50.892358807,8.008911406,18218.222609689,6862.395169815,24.516625000,24.516625000,0.000000000,0.000000000,1204.309237555,1200.472943755,150.538654694,150.059117969,-0.000000000,0.000000000
synthetic,0.750000000,8.000000000,0.000000000,30.000000000,0.250000000,266.255602787,130.085853339,-136.169749448,-51.142491659,7.970371419,18218.222609689,15158.513450268,24.516625000,24.516625000,0.000000000,0.000000000,1204.309237555,1200.509688665,150.538654694,150.063711083,-0.000000000,0.000000000
synthetic,0.750000000,8.000000000,0.000000000,30.000000000,0.500000000,266.255602787,129.031934581,-137.223668207,-51.538321361,8.008911406,18218.222609689,8075.472118755,24.516625000,24.516625000,0.000000000,0.000000000,1204.309237555,1200.472885287,150.538654694,150.059110661,-0.000000000,0.000000000
synthetic,0.750000000,8.000000000,0.000000000,30.000000000,0.750000000,266.255602787,130.085853339,-136.169749448,-51.142491659,7.970371419,18218.222609689,15158.513450268,24.516625000,24.516625000,0.000000000,0.000000000,1204.309237555,1200.509688665,150.538654694,150.063711083,-0.000000000,0.000000000
synthetic,0.750000000,8.000000000,5000.000000000,5.000000000,0.000000000,191.457350622,188.417662732,-3.039687890,-1.587657972,1.869174413,18218.222609689,16818.723015595,24.516625000,24.516625000,74.798252165,74.027707876,1204.309237555,1204.100754435,150.538654694,150.512594304,-0.000000000,0.000000000
synthetic,0.750000000,8.000000000,5000.000000000,5.000000000,0.250000000,191.457350622,187.218251724,-4.239098898,-2.214121779,1.896377747,18218.222609689,18142.094888066,24.516625000,24.516625000,74.798252165,74.267150524,1204.309237555,1204.100772263,150.538654694,150.512596533,-0.000000000,0.000000000
synthetic,0.750000000,8.000000000,5000.000000000,5.000000000,0.500000000,191.457350622,186.201096066,-5.256254556,-2.745391879,1.869174413,18218.222609689,17871.968155862,24.516625000,24.516625000,74.798252165,73.095358598,1204.309237555,1204.100754413,150.538654694,150.512594302,-0.000000000,0.000000000
synthetic,0.750000000,8.000000000,5000.000000000,5.000000000,0.750000000,191.457350622,187.218251724,-4.239098898,-2.214121779,1.896334761,18218.222609689,18142.094888065,24.516625000,24.516625000,74.798252165,74.267150524,1204.309237555,1204.100772263,150.538654694,150.512596533,-0.000000000,0.000000000
synthetic,0.750000000,8.000000000,5000.000000000,10.000000000,0.000000000,191.457350622,175.282731265,-16.174619357,-8.448157934,3.639751864,18218.222609689,13241.125952912,24.516625000,24.516625000,74.798252165,87.154319870,1204.309237555,1203.520772997,150.538654694,150.440096625,-0.000000000,0.000000000
synthetic,0.750000000,8.000000000,5000.000000000,10.000000000,0.250000000,191.457350622,176.278953649,-15.178396973,-7.927821483,3.638548542,18218.222609689,17871.968155862,24.516625000,24.516625000,74.798252165,70.606129600,1204.309237555,1203.518937080,150.538654694,150.439867135,-0.000000000,-0.000000000
synthetic,0.750000000,8.000000000,5000.000000000,10.000000000,0.500000000,191.457350622,173.740546945,-17.716803677,-9.253655511,3.639751864,18218.222609689,16818.723015594,24.516625000,24.516625000,74.798252165,53.352693073,1204.309237555,1203.516075442,150.538654694,150.439509430,-0.000000000,-0.000000000
synthetic,0.750000000,8.000000000,5000.000000000,10.000000000,0.750000000,191.457350622,176.278953649,-15.178396973,-7.927821483,3.638548542,18218.222609689,17871.968155862,24.516625000,24.516625000,74.798252165,70.606129600,1204.309237555,1203.518937080,150.538654694,150.439867135,-0.000000000,-0.000000000
synthetic,0.750000000,8.000000000,5000.000000000,30.000000000,0.000000000,191.457350622,114.907659342,-76.549691280,-39.982633747,8.008911406,18218.222609689,6862.395169815,24.516625000,24.516625000,74.798252165,15.844186731,1204.309237555,1200.472943755,150.538654694,150.059117969,-0.000000000,0.000000000
synthetic,0.750000000,8.000000000,5000.000000000,30.000000000,0.250000000,191.457350622,114.631665319,-76.825685303,-40.126788057,7.970371419,18218.222609689,15158.513450268,24.516625000,24.516625000,74.798252165,15.454188021,1204.309237555,1200.509688665,150.538654694,150.063711083,-0.000000000,0.000000000
synthetic,0.750000000,8.000000000,5000.000000000,30.000000000,0.500000000,191.457350622,114.193895447,-77.263455175,-40.355439435,8.008911406,18218.222609689,8075.472118755,24.516625000,24.516625000,74.798252165,14.838039133,1204.309237555,1200.472885287,150.538654694,150.059110661,-0.000000000,0.000000000
synthetic,0.750000000,8.000000000,5000.000000000,30.000000000,0.750000000,191.457350622,114.631665319,-76.825685303,-40.126788057,7.970371419,18218.222609689,15158.513450268,24.516625000,24.516625000,74.798252165,15.454188021,1204.309237555,1200.509688665,150.538654694,150.063711083,-0.000000000,0.000000000
synthetic,0.750000000,8.000000000,20000.000000000,5.000000000,0.000000000,171.182744877,169.599268940,-1.583475937,-0.925020765,1.869174413,18218.222609689,16818.723015595,24.516625000,24.516625000,95.072857911,92.846101668,1204.309237555,1204.100754435,150.538654694,150.512594304,-0.000000000,0.000000000
synthetic,0.750000000,8.000000000,20000.000000000,5.000000000,0.250000000,171.182744877,169.200882261,-1.981862616,-1.157746721,1.896377747,18218.222609689,18142.094888066,24.516625000,24.516625000,95.072857911,92.284519987,1204.309237555,1204.100772263,150.538654694,150.512596533,-0.000000000,0.000000000
synthetic,0.750000000,8.000000000,20000.000000000,5.000000000,0.500000000,171.182744877,168.292468823,-2.890276054,-1.688415533,1.869174413,18218.222609689,17871.968155862,24.516625000,24.516625000,95.072857911,91.003985841,1204.309237555,1204.100754413,150.538654694,150.512594302,-0.000000000,0.000000000
synthetic,0.750000000,8.000000000,20000.000000000,5.000000000,0.750000000,171.182744877,169.200882261,-1.981862616,-1.157746721,1.896334761,18218.222609689,18142.094888065,24.516625000,24.516625000,95.072857911,92.284519987,1204.309237555,1204.100772263,150.538654694,150.512596533,-0.000000000,0.000000000
synthetic,0.750000000,8.000000000,20000.000000000,10.000000000,0.000000000,171.182744877,169.589613860,-1.593131017,-0.930660983,3.639751864,18218.222609689,13241.125952912,24.516625000,24.516625000,95.072857911,92.847437275,1204.309237555,1203.520772997,150.538654694,150.440096625,-0.000000000,-0.000000000
synthetic,0.750000000,8.000000000,20000.000000000,10.000000000,0.250000000,171.182744877,163.135527554,-8.047217323,-4.700951214,3.638548542,18218.222609689,17871.968155862,24.516625000,24.516625000,95.072857911,83.749555696,1204.309237555,1203.518937080,150.538654694,150.439867135,-0.000000000,-0.000000000
synthetic,0.750000000,8.000000000,20000.000000000,10.000000000,0.500000000,171.182744877,154.921882010,-16.260862867,-9.499124972,3.639751864,18218.222609689,16818.723015594,24.516625000,24.516625000,95.072857911,72.171358009,1204.309237555,1203.516075442,150.538654694,150.439509430,-0.000000000,-0.000000000
synthetic,0.750000000,8.000000000,20000.000000000,10.000000000,0.750000000,171.182744877,163.135527554,-8.047217323,-4.700951214,3.638548542,18218.222609689,17871.968155862,24.516625000,24.516625000,95.072857911,83.749555696,1204.309237555,1203.518937080,150.538654694,150.439867135,-0.000000000,-0.000000000
synthetic,0.750000000,8.000000000,20000.000000000,30.000000000,0.000000000,171.182744877,114.907659342,-56.275085535,-32.874274551,8.008911406,18218.222609689,6862.395169815,24.516625000,24.516625000,95.072857911,15.844186731,1204.309237555,1200.472943755,150.538654694,150.059117969,-0.000000000,0.000000000
synthetic,0.750000000,8.000000000,20000.000000000,30.000000000,0.250000000,171.182744877,114.631665319,-56.551079558,-33.035502263,7.970371419,18218.222609689,15158.513450268,24.516625000,24.516625000,95.072857911,15.454188021,1204.309237555,1200.509688665,150.538654694,150.063711083,-0.000000000,0.000000000
synthetic,0.750000000,8.000000000,20000.000000000,30.000000000,0.500000000,171.182744877,114.193895447,-56.988849429,-33.291234739,8.008911406,18218.222609689,8075.472118755,24.516625000,24.516625000,95.072857911,14.838039133,1204.309237555,1200.472885287,150.538654694,150.059110661,-0.000000000,0.000000000
synthetic,0.750000000,8.000000000,20000.000000000,30.000000000,0.750000000,171.182744877,114.631665319,-56.551079558,-33.035502263,7.970371419,18218.222609689,15158.513450268,24.516625000,24.516625000,95.072857911,15.454188021,1204.309237555,1200.509688665,150.538654694,150.063711083,-0.000000000,0.000000000
synthetic,0.750000000,15.000000000,0.000000000,5.000000000,0.000000000,273.565006787,268.507120408,-5.057886379,-1.848879152,1.869174413,35120.639268166,32496.577529240,24.516625000,24.516625000,0.000000000,0.000000000,1204.309237555,1204.100754435,80.287282504,80.273383629,-0.000000000,0.000000000
synthetic,0.750000000,15.000000000,0.000000000,5.000000000,0.250000000,273.565006787,268.880801546,-4.684205241,-1.712282318,1.896377747,35120.639268166,34977.899790123,24.516625000,24.516625000,0.000000000,0.000000000,1204.309237555,1204.100772263,80.287282504,80.273384818,-0.000000000,0.000000000
synthetic,0.750000000,15.000000000,0.000000000,5.000000000,0.500000000,273.565006787,267.365586451,-6.199420337,-2.266159846,1.869174413,35120.639268166,34471.412167242,24.516625000,24.516625000,0.000000000,0.000000000,1204.309237555,1204.100754413,80.287282504,80.273383628,-0.000000000,0.000000000
synthetic,0.750000000,15.000000000,0.000000000,5.000000000,0.750000000,273.565006787,268.880801546,-4.684205241,-1.712282318,1.896334761,35120.639268166,34977.899790122,24.516625000,24.516625000,0.000000000,0.000000000,1204.309237555,1204.100772263,80.287282504,80.273384818,-0.000000000,0.000000000
synthetic,0.750000000,15.000000000,0.000000000,10.000000000,0.000000000,273.565006787,268.495889699,-5.069117088,-1.852984469,3.639751864,35120.639268166,25788.583036710,24.516625000,24.516625000,0.000000000,0.000000000,1204.309237555,1203.520772997,80.287282504,80.234718200,-0.000000000,0.000000000
synthetic,0.750000000,15.000000000,0.000000000,10.000000000,0.250000000,273.565006787,253.195573531,-20.369433257,-7.445920623,3.638548542,35120.639268166,34471.412167242,24.516625000,24.516625000,0.000000000,0.000000000,1204.309237555,1203.518937080,80.287282504,80.234595805,-0.000000000,-0.000000000
synthetic,0.750000000,15.000000000,0.000000000,10.000000000,0.500000000,273.565006787,237.380200849,-36.184805938,-13.227132506,3.639751864,35120.639268166,32496.577529240,24.516625000,24.516625000,0.000000000,0.000000000,1204.309237555,1203.516075442,80.287282504,80.234405029,-0.000000000,-0.000000000
synthetic,0.750000000,15.000000000,0.000000000,10.000000000,0.750000000,273.565006787,253.195573531,-20.369433257,-7.445920623,3.638548542,35120.639268166,34471.412167241,24.516625000,24.516625000,0.000000000,0.000000000,1204.309237555,1203.518937080,80.287282504,80.234595805,-0.000000000,-0.000000000
synthetic,0.750000000,15.000000000,0.000000000,30.000000000,0.000000000,273.565006787,140.510374648,-133.054632139,-48.637299668,8.008911406,35120.639268166,13828.462818403,24.516625000,24.516625000,0.000000000,0.000000000,1204.309237555,1200.472943755,80.287282504,80.031529584,-0.000000000,0.000000000
synthetic,0.750000000,15.000000000,0.000000000,30.000000000,0.250000000,273.565006787,140.848034257,-132.716972530,-48.513870282,7.970371419,35120.639268166,29383.684594253,24.516625000,24.516625000,0.000000000,0.000000000,1204.309237555,1200.509688665,80.287282504,80.033979244,-0.000000000,0.000000000
synthetic,0.750000000,15.000000000,0.000000000,30.000000000,0.500000000,273.565006787,141.655424680,-131.909582107,-48.218733696,8.008911406,35120.639268166,16102.982097665,24.516625000,24.516625000,0.000000000,0.000000000,1204.309237555,1200.472885287,80.287282504,80.031525686,-0.000000000,0.000000000
synthetic,0.750000000,15.000000000,0.000000000,30.000000000,0.750000000,273.565006787,140.848034257,-132.716972530,-48.513870282,7.970371419,35120.639268166,29383.684594253,24.516625000,24.516625000,0.000000000,0.000000000,1204.309237555,1200.509688665,80.287282504,80.033979244,-0.000000000,0.000000000
synthetic,0.750000000,15.000000000,5000.000000000,5.000000000,0.000000000,229.791205119,224.007298798,-5.783906320,-2.517026845,1.869174413,35120.639268166,32496.577529240,24.516625000,24.516625000,43.773801668,44.499821610,1204.309237555,1204.100754435,80.287282504,80.273383629,-0.000000000,0.000000000
synthetic,0.750000000,15.000000000,5000.000000000,5.000000000,0.250000000,229.791205119,225.408618246,-4.382586873,-1.907203920,1.896377747,35120.639268166,34977.899790123,24.516625000,24.516625000,43.773801668,43.472183300,1204.309237555,1204.100772263,80.287282504,80.273384818,-0.000000000,0.000000000
synthetic,0.750000000,15.000000000,5000.000000000,5.000000000,0.500000000,229.791205119,225.502083315,-4.289121804,-1.866530010,1.869174413,35120.639268166,34471.412167242,24.516625000,24.516625000,43.773801668,41.863503136,1204.309237555,1204.100754413,80.287282504,80.273383628,-0.000000000,-0.000000000
synthetic,0.750000000,15.000000000,5000.000000000,5.000000000,0.750000000,229.791205119,225.408618246,-4.382586873,-1.907203920,1.896334761,35120.639268166,34977.899790122,24.516625000,24.516625000,43.773801668,43.472183300,1204.309237555,1204.100772263,80.287282504,80.273384818,-0.000000000,0.000000000
synthetic,0.750000000,15.000000000,5000.000000000,10.000000000,0.000000000,229.791205119,213.156836669,-16.634368450,-7.238905615,3.639751864,35120.639268166,25788.583036710,24.516625000,24.516625000,43.773801668,55.339053029,1204.309237555,1203.520772997,80.287282504,80.234718200,-0.000000000,0.000000000
synthetic,0.750000000,15.000000000,5000.000000000,10.000000000,0.250000000,229.791205119,210.362115702,-19.429089417,-8.455105759,3.638548542,35120.639268166,34471.412167242,24.516625000,24.516625000,43.773801668,42.833457829,1204.309237555,1203.518937080,80.287282504,80.234595805,-0.000000000,-0.000000000
synthetic,0.750000000,15.000000000,5000.000000000,10.000000000,0.500000000,229.791205119,209.457799299,-20.333405820,-8.848644059,3.639751864,35120.639268166,32496.577529240,24.516625000,24.516625000,43.773801668,27.922401550,1204.309237555,1203.516075442,80.287282504,80.234405029,-0.000000000,-0.000000000
synthetic,0.750000000,15.000000000,5000.000000000,10.000000000,0.750000000,229.791205119,210.362115702,-19.429089417,-8.455105759,3.638548542,35120.639268166,34471.412167241,24.516625000,24.516625000,43.773801668,42.833457829,1204.309237555,1203.518937080,80.287282504,80.234595805,-0.000000000,0.000000000
synthetic,0.750000000,15.000000000,5000.000000000,30.000000000,0.000000000,229.791205119,129.437004357,-100.354200762,-43.671906725,8.008911406,35120.639268166,13828.462818403,24.516625000,24.516625000,43.773801668,11.073370291,1204.309237555,1200.472943755,80.287282504,80.031529584,-0.000000000,0.000000000
synthetic,0.750000000,15.000000000,5000.000000000,30.000000000,0.250000000,229.791205119,129.577846822,-100.213358297,-43.610615230,7.970371419,35120.639268166,29383.684594253,24.516625000,24.516625000,43.773801668,11.270187435,1204.309237555,1200.509688665,80.287282504,80.033979244,-0.000000000,0.000000000
synthetic,0.750000000,15.000000000,5000.000000000,30.000000000,0.500000000,229.791205119,129.912198985,-99.879006134,-43.465112637,8.008911406,35120.639268166,16102.982097665,24.516625000,24.516625000,43.773801668,11.743225695,1204.309237555,1200.472885287,80.287282504,80.031525686,-0.000000000,0.000000000
synthetic,0.750000000,15.000000000,5000.000000000,30.000000000,0.750000000,229.791205119,129.577846822,-100.213358297,-43.610615230,7.970371419,35120.639268166,29383.684594253,24.516625000,24.516625000,43.773801668,11.270187435,1204.309237555,1200.509688665,80.287282504,80.033979244,-0.000000000,0.000000000
synthetic,0.750000000,15.000000000,20000.000000000,5.000000000,0.000000000,184.729192206,182.626119819,-2.103072388,-1.138462396,1.869174413,35120.639268166,32496.577529240,24.516625000,24.516625000,88.835814581,85.881000590,1204.309237555,1204.100754435,80.287282504,80.273383629,-0.000000000,0.000000000
synthetic,0.750000000,15.000000000,20000.000000000,5.000000000,0.250000000,184.729192206,182.781197837,-1.947994369,-1.054513553,1.896377747,35120.639268166,34977.899790123,24.516625000,24.516625000,88.835814581,86.099603709,1204.309237555,1204.100772263,80.287282504,80.273384818,-0.000000000,0.000000000
synthetic,0.750000000,15.000000000,20000.000000000,5.000000000,0.500000000,184.729192206,182.152383226,-2.576808980,-1.394911627,1.869174413,35120.639268166,34471.412167242,24.516625000,24.516625000,88.835814581,85.213203225,1204.309237555,1204.100754413,80.287282504,80.273383628,-0.000000000,0.000000000
synthetic,0.750000000,15.000000000,20000.000000000,5.000000000,0.750000000,184.729192206,182.781197837,-1.947994369,-1.054513553,1.896334761,35120.639268166,34977.899790122,24.516625000,24.516625000,88.835814581,86.099603709,1204.309237555,1204.100772263,80.287282504,80.273384818,-0.000000000,0.000000000
synthetic,0.750000000,15.000000000,20000.000000000,10.000000000,0.000000000,184.729192206,182.610193615,-2.118998592,-1.147083775,3.639751864,35120.639268166,25788.583036710,24.516625000,24.516625000,88.835814581,85.885696084,1204.309237555,1203.520772997,80.287282504,80.234718200,-0.000000000,-0.000000000
synthetic,0.750000000,15.000000000,20000.000000000,10.000000000,0.250000000,184.729192206,176.260526744,-8.468665462,-4.584367723,3.638548542,35120.639268166,34471.412167242,24.516625000,24.516625000,88.835814581,76.935046786,1204.309237555,1203.518937080,80.287282504,80.234595805,-0.000000000,0.000000000
synthetic,0.750000000,15.000000000,20000.000000000,10.000000000,0.500000000,184.729192206,169.697091497,-15.032100709,-8.137371538,3.639751864,35120.639268166,32496.577529240,24.516625000,24.516625000,88.835814581,67.683109352,1204.309237555,1203.516075442,80.287282504,80.234405029,-0.000000000,0.000000000
synthetic,0.750000000,15.000000000,20000.000000000,10.000000000,0.750000000,184.729192206,176.260526744,-8.468665462,-4.584367723,3.638548542,35120.639268166,34471.412167241,24.516625000,24.516625000,88.835814581,76.935046786,1204.309237555,1203.518937080,80.287282504,80.234595805,-0.000000000,-0.000000000
synthetic,0.750000000,15.000000000,20000.000000000,30.000000000,0.000000000,184.729192206,129.437004357,-55.292187849,-29.931483589,8.008911406,35120.639268166,13828.462818403,24.516625000,24.516625000,88.835814581,11.073370291,1204.309237555,1200.472943755,80.287282504,80.031529584,-0.000000000,0.000000000
synthetic,0.750000000,15.000000000,20000.000000000,30.000000000,0.250000000,184.729192206,129.577846822,-55.151345385,-29.855240921,7.970371419,35120.639268166,29383.684594253,24.516625000,24.516625000,88.835814581,11.270187435,1204.309237555,1200.509688665,80.287282504,80.033979244,-0.000000000,0.000000000
synthetic,0.750000000,15.000000000,20000.000000000,30.000000000,0.500000000,184.729192206,129.912198985,-54.816993222,-29.674245076,8.008911406,35120.639268166,16102.982097665,24.516625000,24.516625000,88.835814581,11.743225695,1204.309237555,1200.472885287,80.287282504,80.031525686,-0.000000000,0.000000000
synthetic,0.750000000,15.000000000,20000.000000000,30.000000000,0.750000000,184.729192206,129.577846822,-55.151345385,-29.855240921,7.970371419,35120.639268166,29383.684594253,24.516625000,24.516625000,88.835814581,11.270187435,1204.309237555,1200.509688665,80.287282504,80.033979244,-0.000000000,0.000000000
synthetic,0.750000000,25.000000000,0.000000000,5.000000000,0.000000000,304.789253699,298.155175461,-6.634078239,-2.176611596,1.869174413,62515.648780277,58142.212548733,24.516625000,24.516625000,0.000000000,0.000000000,1204.309237555,1204.100754435,48.172369502,48.164030177,-0.000000000,-0.000000000
synthetic,0.750000000,25.000000000,0.000000000,5.000000000,0.250000000,304.789253699,299.935778804,-4.853474895,-1.592403550,1.896377747,62515.648780277,62277.749650205,24.516625000,24.516625000,0.000000000,0.000000000,1204.309237555,1204.100772263,48.172369502,48.164030891,-0.000000000,0.000000000
synthetic,0.750000000,25.000000000,0.000000000,5.000000000,0.500000000,304.789253699,301.617342316,-3.171911383,-1.040690032,1.869174413,62515.648780277,61433.603612070,24.516625000,24.516625000,0.000000000,0.000000000,1204.309237555,1204.100754413,48.172369502,48.164030177,-0.000000000,0.000000000
synthetic,0.750000000,25.000000000,0.000000000,5.000000000,0.750000000,304.789253699,299.935778804,-4.853474895,-1.592403550,1.896334761,62515.648780277,62277.749650204,24.516625000,24.516625000,0.000000000,0.000000000,1204.309237555,1204.100772263,48.172369502,48.164030891,-0.000000000,0.000000000
synthetic,0.750000000,25.000000000,0.000000000,10.000000000,0.000000000,304.789253699,295.409689194,-9.379564506,-3.077393442,3.639751864,62515.648780277,46962.221727850,24.516625000,24.516625000,0.000000000,0.000000000,1204.309237555,1203.520772997,48.172369502,48.140830920,-0.000000000,-0.000000000
synthetic,0.750000000,25.000000000,0.000000000,10.000000000,0.250000000,304.789253699,284.001983986,-20.787269713,-6.820210838,3.638548542,62515.648780277,61433.603612070,24.516625000,24.516625000,0.000000000,0.000000000,1204.309237555,1203.518937080,48.172369502,48.140757483,-0.000000000,0.000000000
synthetic,0.750000000,25.000000000,0.000000000,10.000000000,0.500000000,304.789253699,279.037880122,-25.751373577,-8.448911261,3.639751864,62515.648780277,58142.212548733,24.516625000,24.516625000,0.000000000,0.000000000,1204.309237555,1203.516075442,48.172369502,48.140643018,-0.000000000,0.000000000
synthetic,0.750000000,25.000000000,0.000000000,10.000000000,0.750000000,304.789253699,284.001983986,-20.787269713,-6.820210838,3.638548542,62515.648780277,61433.603612068,24.516625000,24.516625000,0.000000000,0.000000000,1204.309237555,1203.518937080,48.172369502,48.140757483,-0.000000000,0.000000000
synthetic,0.750000000,25.000000000,0.000000000,30.000000000,0.000000000,304.789253699,185.044484479,-119.744769221,-39.287726771,8.008911406,62515.648780277,27028.688030672,24.516625000,24.516625000,0.000000000,0.000000000,1204.309237555,1200.472943755,48.172369502,48.018917750,-0.000000000,0.000000000
synthetic,0.750000000,25.000000000,0.000000000,30.000000000,0.250000000,304.789253699,185.859521897,-118.929731802,-39.020316615,7.970371419,62515.648780277,52954.057657089,24.516625000,24.516625000,0.000000000,0.000000000,1204.309237555,1200.509688665,48.172369502,48.020387547,-0.000000000,-0.000000000
synthetic,0.750000000,25.000000000,0.000000000,30.000000000,0.500000000,304.789253699,187.119558183,-117.669695516,-38.606904308,8.008911406,62515.648780277,30819.553496108,24.516625000,24.516625000,0.000000000,0.000000000,1204.309237555,1200.472885287,48.172369502,48.018915411,-0.000000000,0.000000000
synthetic,0.750000000,25.000000000,0.000000000,30.000000000,0.750000000,304.789253699,185.859521897,-118.929731802,-39.020316615,7.970371419,62515.648780277,52954.057657088,24.516625000,24.516625000,0.000000000,0.000000000,1204.309237555,1200.509688665,48.172369502,48.020387547,-0.000000000,-0.000000000
synthetic,0.750000000,25.000000000,5000.000000000,5.000000000,0.000000000,279.262892135,272.695719170,-6.567172966,-2.351609595,1.869174413,62515.648780277,58142.212548733,24.516625000,24.516625000,25.526361564,25.459456291,1204.309237555,1204.100754435,48.172369502,48.164030177,-0.000000000,0.000000000
synthetic,0.750000000,25.000000000,5000.000000000,5.000000000,0.250000000,279.262892135,274.651881377,-4.611010758,-1.651136219,1.896377747,62515.648780277,62277.749650205,24.516625000,24.516625000,25.526361564,25.283897427,1204.309237555,1204.100772263,48.172369502,48.164030891,-0.000000000,0.000000000
synthetic,0.750000000,25.000000000,5000.000000000,5.000000000,0.500000000,279.262892135,276.516020313,-2.746871823,-0.983615045,1.869174413,62515.648780277,61433.603612070,24.516625000,24.516625000,25.526361564,25.101322004,1204.309237555,1204.100754413,48.172369502,48.164030177,-0.000000000,0.000000000
synthetic,0.750000000,25.000000000,5000.000000000,5.000000000,0.750000000,279.262892135,274.651881377,-4.611010758,-1.651136219,1.896334761,62515.648780277,62277.749650204,24.516625000,24.516625000,25.526361564,25.283897427,1204.309237555,1204.100772263,48.172369502,48.164030891,-0.000000000,0.000000000
synthetic,0.750000000,25.000000000,5000.000000000,10.000000000,0.000000000,279.262892135,261.991017234,-17.271874901,-6.184808432,3.639751864,62515.648780277,46962.221727850,24.516625000,24.516625000,25.526361564,33.418671959,1204.309237555,1203.520772997,48.172369502,48.140830920,-0.000000000,0.000000000
synthetic,0.750000000,25.000000000,5000.000000000,10.000000000,0.250000000,279.262892135,259.393692868,-19.869199267,-7.114872698,3.638548542,62515.648780277,61433.603612070,24.516625000,24.516625000,25.526361564,24.608291118,1204.309237555,1203.518937080,48.172369502,48.140757483,-0.000000000,0.000000000
synthetic,0.750000000,25.000000000,5000.000000000,10.000000000,0.500000000,279.262892135,262.284439192,-16.978452943,-6.079738276,3.639751864,62515.648780277,58142.212548733,24.516625000,24.516625000,25.526361564,16.753440930,1204.309237555,1203.516075442,48.172369502,48.140643018,-0.000000000,0.000000000
synthetic,0.750000000,25.000000000,5000.000000000,10.000000000,0.750000000,279.262892135,259.393692868,-19.869199267,-7.114872698,3.638548542,62515.648780277,61433.603612068,24.516625000,24.516625000,25.526361564,24.608291118,1204.309237555,1203.518937080,48.172369502,48.140757483,-0.000000000,0.000000000
synthetic,0.750000000,25.000000000,5000.000000000,30.000000000,0.000000000,279.262892135,180.875810552,-98.387081584,-35.230989993,8.008911406,62515.648780277,27028.688030672,24.516625000,24.516625000,25.526361564,4.168673927,1204.309237555,1200.472943755,48.172369502,48.018917750,-0.000000000,0.000000000
synthetic,0.750000000,25.000000000,5000.000000000,30.000000000,0.250000000,279.262892135,181.215773583,-98.047118553,-35.109254152,7.970371419,62515.648780277,52954.057657089,24.516625000,24.516625000,25.526361564,4.643748315,1204.309237555,1200.509688665,48.172369502,48.020387547,-0.000000000,-0.000000000
synthetic,0.750000000,25.000000000,5000.000000000,30.000000000,0.500000000,279.262892135,181.736963398,-97.525928737,-34.922623622,8.008911406,62515.648780277,30819.553496108,24.516625000,24.516625000,25.526361564,5.382594785,1204.309237555,1200.472885287,48.172369502,48.018915411,-0.000000000,0.000000000
synthetic,0.750000000,25.000000000,5000.000000000,30.000000000,0.750000000,279.262892135,181.215773583,-98.047118553,-35.109254152,7.970371419,62515.648780277,52954.057657088,24.516625000,24.516625000,25.526361564,4.643748315,1204.309237555,1200.509688665,48.172369502,48.020387547,-0.000000000,-0.000000000
synthetic,0.750000000,25.000000000,20000.000000000,5.000000000,0.000000000,233.661244617,230.099575441,-3.561669176,-1.524287513,1.869174413,62515.648780277,58142.212548733,24.516625000,24.516625000,71.128009083,68.055600019,1204.309237555,1204.100754435,48.172369502,48.164030177,-0.000000000,0.000000000
synthetic,0.750000000,25.000000000,20000.000000000,5.000000000,0.250000000,233.661244617,230.814708171,-2.846536446,-1.218232168,1.896377747,62515.648780277,62277.749650205,24.516625000,24.516625000,71.128009083,69.121070634,1204.309237555,1204.100772263,48.172369502,48.164030891,-0.000000000,0.000000000
synthetic,0.750000000,25.000000000,20000.000000000,5.000000000,0.500000000,233.661244617,231.870208553,-1.791036064,-0.766509682,1.869174413,62515.648780277,61433.603612070,24.516625000,24.516625000,71.128009083,69.747133763,1204.309237555,1204.100754413,48.172369502,48.164030177,-0.000000000,0.000000000
synthetic,0.750000000,25.000000000,20000.000000000,5.000000000,0.750000000,233.661244617,230.814708171,-2.846536446,-1.218232168,1.896334761,62515.648780277,62277.749650204,24.516625000,24.516625000,71.128009083,69.121070634,1204.309237555,1204.100772263,48.172369502,48.164030891,-0.000000000,0.000000000
synthetic,0.750000000,25.000000000,20000.000000000,10.000000000,0.000000000,233.661244617,226.820244515,-6.841000102,-2.927742730,3.639751864,62515.648780277,46962.221727850,24.516625000,24.516625000,71.128009083,68.589444678,1204.309237555,1203.520772997,48.172369502,48.140830920,-0.000000000,0.000000000
synthetic,0.750000000,25.000000000,20000.000000000,10.000000000,0.250000000,233.661244617,222.386993991,-11.274250626,-4.825040903,3.638548542,62515.648780277,61433.603612070,24.516625000,24.516625000,71.128009083,61.614989995,1204.309237555,1203.518937080,48.172369502,48.140757483,-0.000000000,0.000000000
synthetic,0.750000000,25.000000000,20000.000000000,10.000000000,0.500000000,233.661244617,221.960374593,-11.700870024,-5.007621201,3.639751864,62515.648780277,58142.212548733,24.516625000,24.516625000,71.128009083,57.077505529,1204.309237555,1203.516075442,48.172369502,48.140643018,-0.000000000,0.000000000
synthetic,0.750000000,25.000000000,20000.000000000,10.000000000,0.750000000,233.661244617,222.386993991,-11.274250626,-4.825040903,3.638548542,62515.648780277,61433.603612068,24.516625000,24.516625000,71.128009083,61.614989995,1204.309237555,1203.518937080,48.172369502,48.140757483,-0.000000000,0.000000000
synthetic,0.750000000,25.000000000,20000.000000000,30.000000000,0.000000000,233.661244617,180.875810552,-52.785434065,-22.590581571,8.008911406,62515.648780277,27028.688030672,24.516625000,24.516625000,71.128009083,4.168673927,1204.309237555,1200.472943755,48.172369502,48.018917750,-0.000000000,0.000000000
synthetic,0.750000000,25.000000000,20000.000000000,30.000000000,0.250000000,233.661244617,181.215773583,-52.445471034,-22.445087597,7.970371419,62515.648780277,52954.057657089,24.516625000,24.516625000,71.128009083,4.643748315,1204.309237555,1200.509688665,48.172369502,48.020387547,-0.000000000,-0.000000000
synthetic,0.750000000,25.000000000,20000.000000000,30.000000000,0.500000000,233.661244617,181.736963398,-51.924281219,-22.222033998,8.008911406,62515.648780277,30819.553496108,24.516625000,24.516625000,71.128009083,5.382594785,1204.309237555,1200.472885287,48.172369502,48.018915411,-0.000000000,0.000000000
synthetic,0.750000000,25.000000000,20000.000000000,30.000000000,0.750000000,233.661244617,181.215773583,-52.445471034,-22.445087597,7.970371419,62515.648780277,52954.057657088,24.516625000,24.516625000,71.128009083,4.643748315,1204.309237555,1200.509688665,48.172369502,48.020387547,-0.000000000,-0.000000000
